{"referenceId":null,"name":"EmployeeSection","description":"","editorJson":{"tabs":[{"id":"Personal_Information","title":"Personal Information","visibilityCondition":null},{"id":"Insurance_Information","title":"Insurance Information","visibilityCondition":null},{"id":"Bank_Information","title":"Bank Information","visibilityCondition":null}],"fields":[{"fieldType":"ContainerRepresentation","id":"layout_S4","name":"Label","type":"container","value":null,"required":false,"readOnly":false,"overrideId":false,"colspan":1,"placeholder":null,"minLength":0,"maxLength":0,"minValue":null,"maxValue":null,"regexPattern":null,"optionType":null,"hasEmptyValue":null,"options":null,"restUrl":null,"restResponsePath":null,"restIdProperty":null,"restLabelProperty":null,"tab":"Bank_Information","className":null,"dateDisplayFormat":null,"layout":null,"sizeX":2,"sizeY":1,"row":-1,"col":-1,"visibilityCondition":null,"numberOfColumns":3,"fields":{"1":[{"fieldType":"FormFieldRepresentation","id":"empInfoBankname","name":"Bank Name","type":"text","value":null,"required":true,"readOnly":false,"overrideId":true,"colspan":1,"placeholder":null,"minLength":0,"maxLength":0,"minValue":null,"maxValue":null,"regexPattern":null,"optionType":null,"hasEmptyValue":null,"options":null,"restUrl":null,"restResponsePath":null,"restIdProperty":null,"restLabelProperty":null,"tab":"Bank_Information","className":null,"params":{"existingColspan":1,"maxColspan":3},"dateDisplayFormat":null,"layout":{"row":0,"column":0,"colspan":0},"sizeX":0,"sizeY":0,"row":0,"col":0,"visibilityCondition":null},{"fieldType":"FormFieldRepresentation","id":"empInfoTypeofacc","name":"Type Of Account","type":"text","value":null,"required":true,"readOnly":false,"overrideId":true,"colspan":1,"placeholder":null,"minLength":0,"maxLength":0,"minValue":null,"maxValue":null,"regexPattern":null,"optionType":null,"hasEmptyValue":null,"options":null,"restUrl":null,"restResponsePath":null,"restIdProperty":null,"restLabelProperty":null,"tab":"Bank_Information","className":null,"params":{"existingColspan":1,"maxColspan":3},"dateDisplayFormat":null,"layout":{"row":0,"column":0,"colspan":0},"sizeX":0,"sizeY":0,"row":0,"col":0,"visibilityCondition":null}],"2":[{"fieldType":"FormFieldRepresentation","id":"empInfoBanksortcode","name":"Bank Sort Code","type":"text","value":null,"required":true,"readOnly":false,"overrideId":true,"colspan":1,"placeholder":null,"minLength":0,"maxLength":0,"minValue":null,"maxValue":null,"regexPattern":null,"optionType":null,"hasEmptyValue":null,"options":null,"restUrl":null,"restResponsePath":null,"restIdProperty":null,"restLabelProperty":null,"tab":"Bank_Information","className":null,"params":{"existingColspan":1,"maxColspan":2},"dateDisplayFormat":null,"layout":{"row":0,"column":0,"colspan":0},"sizeX":0,"sizeY":0,"row":0,"col":0,"visibilityCondition":null},{"fieldType":"FormFieldRepresentation","id":"empInfoBranchname","name":"Branch Name","type":"text","value":null,"required":false,"readOnly":false,"overrideId":true,"colspan":1,"placeholder":null,"minLength":0,"maxLength":0,"minValue":null,"maxValue":null,"regexPattern":null,"optionType":null,"hasEmptyValue":null,"options":null,"restUrl":null,"restResponsePath":null,"restIdProperty":null,"restLabelProperty":null,"tab":"Bank_Information","className":null,"params":{"existingColspan":1,"maxColspan":2},"dateDisplayFormat":null,"layout":{"row":0,"column":0,"colspan":0},"sizeX":0,"sizeY":0,"row":0,"col":0,"visibilityCondition":null}],"3":[{"fieldType":"FormFieldRepresentation","id":"empInfoAccno","name":"Account No","type":"text","value":null,"required":true,"readOnly":false,"overrideId":true,"colspan":1,"placeholder":null,"minLength":0,"maxLength":0,"minValue":null,"maxValue":null,"regexPattern":null,"optionType":null,"hasEmptyValue":null,"options":null,"restUrl":null,"restResponsePath":null,"restIdProperty":null,"restLabelProperty":null,"tab":"Bank_Information","className":null,"params":{"existingColspan":1,"maxColspan":1},"dateDisplayFormat":null,"layout":{"row":0,"column":0,"colspan":0},"sizeX":0,"sizeY":0,"row":0,"col":0,"visibilityCondition":null}]}},{"fieldType":"ContainerRepresentation","id":"","name":"Label","type":"container","value":null,"required":false,"readOnly":false,"overrideId":false,"colspan":1,"placeholder":null,"minLength":0,"maxLength":0,"minValue":null,"maxValue":null,"regexPattern":null,"optionType":null,"hasEmptyValue":null,"options":null,"restUrl":null,"restResponsePath":null,"restIdProperty":null,"restLabelProperty":null,"tab":"Personal_Information","className":null,"dateDisplayFormat":null,"layout":null,"sizeX":2,"sizeY":1,"row":-1,"col":-1,"visibilityCondition":null,"numberOfColumns":1,"fields":{"1":[{"fieldType":"FormFieldRepresentation","id":"NewEmpInfo_firstname","name":"First Name","type":"text","value":null,"required":false,"readOnly":false,"overrideId":true,"colspan":1,"placeholder":null,"minLength":0,"maxLength":0,"minValue":null,"maxValue":null,"regexPattern":null,"optionType":null,"hasEmptyValue":null,"options":null,"restUrl":null,"restResponsePath":null,"restIdProperty":null,"restLabelProperty":null,"tab":"Personal_Information","className":null,"params":{"existingColspan":1,"maxColspan":1},"dateDisplayFormat":null,"layout":{"row":0,"column":0,"colspan":0},"sizeX":0,"sizeY":0,"row":0,"col":0,"visibilityCondition":null},{"fieldType":"FormFieldRepresentation","id":"NewEmpInfo_middlename","name":"Middle Name","type":"text","value":null,"required":false,"readOnly":false,"overrideId":true,"colspan":1,"placeholder":null,"minLength":0,"maxLength":0,"minValue":null,"maxValue":null,"regexPattern":null,"optionType":null,"hasEmptyValue":null,"options":null,"restUrl":null,"restResponsePath":null,"restIdProperty":null,"restLabelProperty":null,"tab":"Personal_Information","className":null,"params":{"existingColspan":1,"maxColspan":1},"dateDisplayFormat":null,"layout":{"row":0,"column":0,"colspan":0},"sizeX":0,"sizeY":0,"row":0,"col":0,"visibilityCondition":null},{"fieldType":"FormFieldRepresentation","id":"NewEmpInfo_lastname","name":"Last Name","type":"text","value":null,"required":false,"readOnly":false,"overrideId":true,"colspan":1,"placeholder":null,"minLength":0,"maxLength":0,"minValue":null,"maxValue":null,"regexPattern":null,"optionType":null,"hasEmptyValue":null,"options":null,"restUrl":null,"restResponsePath":null,"restIdProperty":null,"restLabelProperty":null,"tab":"Personal_Information","className":null,"params":{"existingColspan":1,"maxColspan":1},"dateDisplayFormat":null,"layout":{"row":0,"column":0,"colspan":0},"sizeX":0,"sizeY":0,"row":0,"col":0,"visibilityCondition":null},{"fieldType":"FormFieldRepresentation","id":"empInfoAddress","name":"Address","type":"multi-line-text","value":null,"required":true,"readOnly":false,"overrideId":true,"colspan":1,"placeholder":null,"minLength":0,"maxLength":0,"minValue":null,"maxValue":null,"regexPattern":null,"optionType":null,"hasEmptyValue":null,"options":null,"restUrl":null,"restResponsePath":null,"restIdProperty":null,"restLabelProperty":null,"tab":"Personal_Information","className":null,"params":{"existingColspan":1,"maxColspan":1},"dateDisplayFormat":null,"layout":{"row":0,"column":0,"colspan":0},"sizeX":0,"sizeY":0,"row":0,"col":0,"visibilityCondition":null},{"fieldType":"FormFieldRepresentation","id":"empInfoCity","name":"City","type":"text","value":null,"required":false,"readOnly":false,"overrideId":true,"colspan":1,"placeholder":null,"minLength":0,"maxLength":0,"minValue":null,"maxValue":null,"regexPattern":null,"optionType":null,"hasEmptyValue":null,"options":null,"restUrl":null,"restResponsePath":null,"restIdProperty":null,"restLabelProperty":null,"tab":"Personal_Information","className":null,"params":{"existingColspan":1,"maxColspan":1},"dateDisplayFormat":null,"layout":{"row":0,"column":0,"colspan":0},"sizeX":0,"sizeY":0,"row":0,"col":0,"visibilityCondition":null},{"fieldType":"FormFieldRepresentation","id":"empInfoZipcode","name":"Zip Code","type":"text","value":null,"required":false,"readOnly":false,"overrideId":true,"colspan":1,"placeholder":null,"minLength":0,"maxLength":0,"minValue":null,"maxValue":null,"regexPattern":null,"optionType":null,"hasEmptyValue":null,"options":null,"restUrl":null,"restResponsePath":null,"restIdProperty":null,"restLabelProperty":null,"tab":"Personal_Information","className":null,"params":{"existingColspan":1,"maxColspan":1},"dateDisplayFormat":null,"layout":{"row":0,"column":0,"colspan":0},"sizeX":0,"sizeY":0,"row":0,"col":0,"visibilityCondition":null},{"fieldType":"FormFieldRepresentation","id":"empInfoState","name":"State","type":"text","value":null,"required":false,"readOnly":false,"overrideId":true,"colspan":1,"placeholder":null,"minLength":0,"maxLength":0,"minValue":null,"maxValue":null,"regexPattern":null,"optionType":null,"hasEmptyValue":null,"options":null,"restUrl":null,"restResponsePath":null,"restIdProperty":null,"restLabelProperty":null,"tab":"Personal_Information","className":null,"params":{"existingColspan":1,"maxColspan":1},"dateDisplayFormat":null,"layout":{"row":0,"column":0,"colspan":0},"sizeX":0,"sizeY":0,"row":0,"col":0,"visibilityCondition":null},{"fieldType":"FormFieldRepresentation","id":"NewEmpInfo_email","name":"Email","type":"text","value":null,"required":false,"readOnly":false,"overrideId":true,"colspan":1,"placeholder":null,"minLength":0,"maxLength":0,"minValue":null,"maxValue":null,"regexPattern":null,"optionType":null,"hasEmptyValue":null,"options":null,"restUrl":null,"restResponsePath":null,"restIdProperty":null,"restLabelProperty":null,"tab":"Personal_Information","className":null,"params":{"existingColspan":1,"maxColspan":1},"dateDisplayFormat":null,"layout":{"row":0,"column":0,"colspan":0},"sizeX":0,"sizeY":0,"row":0,"col":0,"visibilityCondition":null},{"fieldType":"FormFieldRepresentation","id":"empInfoIdentification","name":"SSN NO","type":"text","value":null,"required":true,"readOnly":false,"overrideId":true,"colspan":1,"placeholder":null,"minLength":0,"maxLength":0,"minValue":null,"maxValue":null,"regexPattern":null,"optionType":null,"hasEmptyValue":null,"options":null,"restUrl":null,"restResponsePath":null,"restIdProperty":null,"restLabelProperty":null,"tab":"Personal_Information","className":null,"params":{"existingColspan":1,"maxColspan":1},"dateDisplayFormat":null,"layout":{"row":0,"column":0,"colspan":0},"sizeX":0,"sizeY":0,"row":0,"col":0,"visibilityCondition":null},{"fieldType":"RestFieldRepresentation","id":"empInfoMaritalStatus","name":"Marital Status","type":"dropdown","value":null,"required":false,"readOnly":false,"overrideId":true,"colspan":1,"placeholder":null,"minLength":0,"maxLength":0,"minValue":null,"maxValue":null,"regexPattern":null,"optionType":null,"hasEmptyValue":true,"options":[{"id":"empty","name":"Choose one..."},{"id":"Single","name":"Single"},{"id":"Married","name":"Married"},{"id":"Divorced","name":"Divorced"},{"id":"Widowed","name":"Widowed"}],"restUrl":null,"restResponsePath":null,"restIdProperty":null,"restLabelProperty":null,"tab":"Personal_Information","className":null,"params":{"existingColspan":1,"maxColspan":1},"dateDisplayFormat":null,"layout":{"row":0,"column":0,"colspan":0},"sizeX":0,"sizeY":0,"row":0,"col":0,"visibilityCondition":null,"endpoint":null,"requestHeaders":null},{"fieldType":"FormFieldRepresentation","id":"NewEmpInfo_dob","name":"Date of Birth","type":"date","value":null,"required":false,"readOnly":false,"overrideId":true,"colspan":1,"placeholder":null,"minLength":0,"maxLength":0,"minValue":null,"maxValue":null,"regexPattern":null,"optionType":null,"hasEmptyValue":null,"options":null,"restUrl":null,"restResponsePath":null,"restIdProperty":null,"restLabelProperty":null,"tab":"Personal_Information","className":null,"params":{"existingColspan":1,"maxColspan":1},"dateDisplayFormat":null,"layout":{"row":0,"column":0,"colspan":0},"sizeX":0,"sizeY":0,"row":0,"col":0,"visibilityCondition":null}]}},{"fieldType":"ContainerRepresentation","id":"layout_S3","name":"Label","type":"container","value":null,"required":false,"readOnly":false,"overrideId":false,"colspan":1,"placeholder":null,"minLength":0,"maxLength":0,"minValue":null,"maxValue":null,"regexPattern":null,"optionType":null,"hasEmptyValue":null,"options":null,"restUrl":null,"restResponsePath":null,"restIdProperty":null,"restLabelProperty":null,"tab":"Insurance_Information","className":null,"dateDisplayFormat":null,"layout":null,"sizeX":2,"sizeY":1,"row":-1,"col":-1,"visibilityCondition":null,"numberOfColumns":2,"fields":{"1":[{"fieldType":"FormFieldRepresentation","id":"fullname","name":"Fullname","type":"readonly","value":null,"required":false,"readOnly":false,"overrideId":false,"colspan":1,"placeholder":null,"minLength":0,"maxLength":0,"minValue":null,"maxValue":null,"regexPattern":null,"optionType":null,"hasEmptyValue":null,"options":null,"restUrl":null,"restResponsePath":null,"restIdProperty":null,"restLabelProperty":null,"tab":"Insurance_Information","className":null,"params":{"existingColspan":1,"maxColspan":2},"dateDisplayFormat":null,"layout":{"row":-1,"column":-1,"colspan":1},"sizeX":1,"sizeY":1,"row":-1,"col":-1,"visibilityCondition":null},{"fieldType":"FormFieldRepresentation","id":"NewEmpInfoDB_team","name":"Department","type":"text","value":null,"required":false,"readOnly":false,"overrideId":true,"colspan":1,"placeholder":null,"minLength":0,"maxLength":0,"minValue":null,"maxValue":null,"regexPattern":null,"optionType":null,"hasEmptyValue":null,"options":null,"restUrl":null,"restResponsePath":null,"restIdProperty":null,"restLabelProperty":null,"tab":"Insurance_Information","className":null,"params":{"existingColspan":1,"maxColspan":2},"dateDisplayFormat":null,"layout":{"row":-1,"column":-1,"colspan":1},"sizeX":1,"sizeY":1,"row":-1,"col":-1,"visibilityCondition":null},{"fieldType":"FormFieldRepresentation","id":"empInfoInspolicyno","name":"Insurance Policy No","type":"text","value":null,"required":true,"readOnly":false,"overrideId":true,"colspan":1,"placeholder":null,"minLength":0,"maxLength":0,"minValue":null,"maxValue":null,"regexPattern":null,"optionType":null,"hasEmptyValue":null,"options":null,"restUrl":null,"restResponsePath":null,"restIdProperty":null,"restLabelProperty":null,"tab":"Insurance_Information","className":null,"params":{"existingColspan":1,"maxColspan":2},"dateDisplayFormat":null,"layout":{"row":0,"column":0,"colspan":0},"sizeX":0,"sizeY":0,"row":0,"col":0,"visibilityCondition":null}],"2":[{"fieldType":"FormFieldRepresentation","id":"NewEmpInfoDB_role","name":"Employee Role","type":"text","value":null,"required":false,"readOnly":false,"overrideId":true,"colspan":1,"placeholder":null,"minLength":0,"maxLength":0,"minValue":null,"maxValue":null,"regexPattern":null,"optionType":null,"hasEmptyValue":null,"options":null,"restUrl":null,"restResponsePath":null,"restIdProperty":null,"restLabelProperty":null,"tab":"Insurance_Information","className":null,"params":{"existingColspan":1,"maxColspan":1},"dateDisplayFormat":null,"layout":{"row":-1,"column":-1,"colspan":1},"sizeX":1,"sizeY":1,"row":-1,"col":-1,"visibilityCondition":null},{"fieldType":"FormFieldRepresentation","id":"emailid","name":"EmailId","type":"readonly","value":null,"required":false,"readOnly":false,"overrideId":false,"colspan":1,"placeholder":null,"minLength":0,"maxLength":0,"minValue":null,"maxValue":null,"regexPattern":null,"optionType":null,"hasEmptyValue":null,"options":null,"restUrl":null,"restResponsePath":null,"restIdProperty":null,"restLabelProperty":null,"tab":"Insurance_Information","className":null,"params":{"existingColspan":1,"maxColspan":1},"dateDisplayFormat":null,"layout":{"row":-1,"column":-1,"colspan":1},"sizeX":1,"sizeY":1,"row":-1,"col":-1,"visibilityCondition":null}]}}],"outcomes":[],"javascriptEvents":[{"event":"formRendered","javascriptLogic":"\nvar newFirstName,newMiddleName,newLastName,currItem;\n//scope.currentAndHistoricFormFields[5].value = scope.currentAndHistoricFormFields[0].value+\" \"+scope.currentAndHistoricFormFields[1].value+\" \"+scope.currentAndHistoricFormFields[3].value;\nscope.getValueById = function (id){\n    var i=0;\n     for(i=0;i<scope.currentAndHistoricFormFields.length;i++)\n    {\n        var item = scope.currentAndHistoricFormFields[i];\n        if(id===item.id)\n            return item.value;\n    }\n\n}\n\nscope.setFullname = function(id){\n    var i=0;\n    for(i=0;i<scope.currentAndHistoricFormFields.length;i++)\n    {\n        var item = scope.currentAndHistoricFormFields[i];\n        if(id===item.id){\n           item.value = newFirstName+\" \"+newMiddleName+\" \"+newLastName;\n           return;\n        }\n    }\n    \n}\nscope.setEmailId = function(id){\n    var i=0;\n    for(i=0;i<scope.currentAndHistoricFormFields.length;i++)\n    {\n        var item = scope.currentAndHistoricFormFields[i];\n        if(id===item.id){\n            item.value = newFirstName+\".\"+newLastName+\"@techsophy.com\";\n            return;\n        }\n    }\n    \n}\n//scope.getValueById('firstname',newFirstName);\n//scope.getValueById('middlename',newMiddleName);\n//scope.getValueById('lastname',newLastName);\nnewFirstName = scope.getValueById('NewEmpInfo_firstname');\nnewMiddleName = scope.getValueById('NewEmpInfo_middlename');\nnewLastName = scope.getValueById('NewEmpInfo_lastname');\n\nscope.setFullname('fullname');\n\n//currItem.value = newFirstName+\" \"+newMiddleName+\" \"+newLastName;\n\n\nscope.setEmailId('emailid');\n\n//currItemEmail.value = newFirstName+\".\"+newLastName+\"@techsophy.com\";\n\n\n"}],"className":"","style":"","customFieldTemplates":{},"metadata":{},"variables":[],"customFieldsValueInfo":{},"gridsterForm":false}}