{"referenceId":null,"name":"ITSection","description":"","editorJson":{"tabs":[],"fields":[{"fieldType":"ContainerRepresentation","id":"","name":"Label","type":"container","value":null,"required":false,"readOnly":false,"overrideId":false,"colspan":1,"placeholder":null,"minLength":0,"maxLength":0,"minValue":null,"maxValue":null,"regexPattern":null,"optionType":null,"hasEmptyValue":null,"options":null,"restUrl":null,"restResponsePath":null,"restIdProperty":null,"restLabelProperty":null,"tab":null,"className":null,"dateDisplayFormat":null,"layout":null,"sizeX":2,"sizeY":1,"row":-1,"col":-1,"visibilityCondition":null,"numberOfColumns":2,"fields":{"1":[{"fieldType":"FormFieldRepresentation","id":"fullname","name":"Fullname","type":"readonly","value":null,"required":false,"readOnly":false,"overrideId":false,"colspan":1,"placeholder":null,"minLength":0,"maxLength":0,"minValue":null,"maxValue":null,"regexPattern":null,"optionType":null,"hasEmptyValue":null,"options":null,"restUrl":null,"restResponsePath":null,"restIdProperty":null,"restLabelProperty":null,"tab":null,"className":null,"params":{"existingColspan":1,"maxColspan":2},"dateDisplayFormat":null,"layout":{"row":-1,"column":-1,"colspan":1},"sizeX":1,"sizeY":1,"row":-1,"col":-1,"visibilityCondition":null}],"2":[{"fieldType":"FormFieldRepresentation","id":"emailid","name":"EmailId","type":"readonly","value":null,"required":false,"readOnly":false,"overrideId":false,"colspan":1,"placeholder":null,"minLength":0,"maxLength":0,"minValue":null,"maxValue":null,"regexPattern":null,"optionType":null,"hasEmptyValue":null,"options":null,"restUrl":null,"restResponsePath":null,"restIdProperty":null,"restLabelProperty":null,"tab":null,"className":null,"params":{"existingColspan":1,"maxColspan":1},"dateDisplayFormat":null,"layout":{"row":-1,"column":-1,"colspan":1},"sizeX":1,"sizeY":1,"row":-1,"col":-1,"visibilityCondition":null}]}},{"fieldType":"ContainerRepresentation","id":"layout_S3","name":"Label","type":"container","value":null,"required":false,"readOnly":false,"overrideId":false,"colspan":1,"placeholder":null,"minLength":0,"maxLength":0,"minValue":null,"maxValue":null,"regexPattern":null,"optionType":null,"hasEmptyValue":null,"options":null,"restUrl":null,"restResponsePath":null,"restIdProperty":null,"restLabelProperty":null,"tab":null,"className":null,"dateDisplayFormat":null,"layout":null,"sizeX":2,"sizeY":1,"row":-1,"col":-1,"visibilityCondition":null,"numberOfColumns":3,"fields":{"1":[{"fieldType":"FormFieldRepresentation","id":"NewEmpInfo_firstname","name":"FirstName","type":"text","value":null,"required":true,"readOnly":false,"overrideId":true,"colspan":1,"placeholder":null,"minLength":0,"maxLength":0,"minValue":null,"maxValue":null,"regexPattern":null,"optionType":null,"hasEmptyValue":null,"options":null,"restUrl":null,"restResponsePath":null,"restIdProperty":null,"restLabelProperty":null,"tab":null,"className":null,"params":{"existingColspan":1,"maxColspan":3},"dateDisplayFormat":null,"layout":{"row":0,"column":0,"colspan":0},"sizeX":0,"sizeY":0,"row":0,"col":0,"visibilityCondition":null},{"fieldType":"RestFieldRepresentation","id":"NewEmpInfo_gender","name":"Gender","type":"dropdown","value":null,"required":true,"readOnly":false,"overrideId":true,"colspan":1,"placeholder":null,"minLength":0,"maxLength":0,"minValue":null,"maxValue":null,"regexPattern":null,"optionType":null,"hasEmptyValue":true,"options":[{"id":"empty","name":"Choose one..."},{"id":"Male","name":"Male"},{"id":"Female","name":"Female"}],"restUrl":null,"restResponsePath":null,"restIdProperty":null,"restLabelProperty":null,"tab":null,"className":null,"params":{"existingColspan":1,"maxColspan":3},"dateDisplayFormat":null,"layout":{"row":0,"column":0,"colspan":0},"sizeX":0,"sizeY":0,"row":0,"col":0,"visibilityCondition":null,"endpoint":null,"requestHeaders":null},{"fieldType":"FormFieldRepresentation","id":"NewEmpInfo_email","name":"Email","type":"text","value":null,"required":true,"readOnly":false,"overrideId":true,"colspan":1,"placeholder":null,"minLength":0,"maxLength":0,"minValue":null,"maxValue":null,"regexPattern":null,"optionType":null,"hasEmptyValue":null,"options":null,"restUrl":null,"restResponsePath":null,"restIdProperty":null,"restLabelProperty":null,"tab":null,"className":null,"params":{"existingColspan":1,"maxColspan":3},"dateDisplayFormat":null,"layout":{"row":0,"column":0,"colspan":0},"sizeX":0,"sizeY":0,"row":0,"col":0,"visibilityCondition":null}],"2":[{"fieldType":"FormFieldRepresentation","id":"NewEmpInfo_middlename","name":"MiddleName","type":"text","value":null,"required":false,"readOnly":false,"overrideId":true,"colspan":1,"placeholder":null,"minLength":0,"maxLength":0,"minValue":null,"maxValue":null,"regexPattern":null,"optionType":null,"hasEmptyValue":null,"options":null,"restUrl":null,"restResponsePath":null,"restIdProperty":null,"restLabelProperty":null,"tab":null,"className":null,"params":{"existingColspan":1,"maxColspan":2},"dateDisplayFormat":null,"layout":{"row":0,"column":0,"colspan":0},"sizeX":0,"sizeY":0,"row":0,"col":0,"visibilityCondition":null},{"fieldType":"FormFieldRepresentation","id":"NewEmpInfo_dob","name":"Date Of Birth","type":"date","value":null,"required":true,"readOnly":false,"overrideId":true,"colspan":1,"placeholder":null,"minLength":0,"maxLength":0,"minValue":null,"maxValue":null,"regexPattern":null,"optionType":null,"hasEmptyValue":null,"options":null,"restUrl":null,"restResponsePath":null,"restIdProperty":null,"restLabelProperty":null,"tab":null,"className":null,"params":{"existingColspan":1,"maxColspan":2},"dateDisplayFormat":null,"layout":{"row":0,"column":0,"colspan":0},"sizeX":0,"sizeY":0,"row":0,"col":0,"visibilityCondition":null}],"3":[{"fieldType":"FormFieldRepresentation","id":"NewEmpInfo_lastname","name":"LastName","type":"text","value":null,"required":true,"readOnly":false,"overrideId":true,"colspan":1,"placeholder":null,"minLength":0,"maxLength":0,"minValue":null,"maxValue":null,"regexPattern":null,"optionType":null,"hasEmptyValue":null,"options":null,"restUrl":null,"restResponsePath":null,"restIdProperty":null,"restLabelProperty":null,"tab":null,"className":null,"params":{"existingColspan":1,"maxColspan":1},"dateDisplayFormat":null,"layout":{"row":0,"column":0,"colspan":0},"sizeX":0,"sizeY":0,"row":0,"col":0,"visibilityCondition":null},{"fieldType":"FormFieldRepresentation","id":"NewEmpInfo_mobile","name":"Mobile No","type":"text","value":null,"required":true,"readOnly":false,"overrideId":true,"colspan":1,"placeholder":null,"minLength":0,"maxLength":0,"minValue":null,"maxValue":null,"regexPattern":null,"optionType":null,"hasEmptyValue":null,"options":null,"restUrl":null,"restResponsePath":null,"restIdProperty":null,"restLabelProperty":null,"tab":null,"className":null,"params":{"existingColspan":1,"maxColspan":1},"dateDisplayFormat":null,"layout":{"row":0,"column":0,"colspan":0},"sizeX":0,"sizeY":0,"row":0,"col":0,"visibilityCondition":null}]}},{"fieldType":"ContainerRepresentation","id":"layout_S5","name":"Label","type":"container","value":null,"required":false,"readOnly":false,"overrideId":false,"colspan":1,"placeholder":null,"minLength":0,"maxLength":0,"minValue":null,"maxValue":null,"regexPattern":null,"optionType":null,"hasEmptyValue":null,"options":null,"restUrl":null,"restResponsePath":null,"restIdProperty":null,"restLabelProperty":null,"tab":null,"className":null,"dateDisplayFormat":null,"layout":null,"sizeX":2,"sizeY":1,"row":-1,"col":-1,"visibilityCondition":null,"numberOfColumns":2,"fields":{"1":[{"fieldType":"RestFieldRepresentation","id":"NewEmpInfo_role","name":"Role","type":"dropdown","value":null,"required":true,"readOnly":false,"overrideId":true,"colspan":1,"placeholder":null,"minLength":0,"maxLength":0,"minValue":null,"maxValue":null,"regexPattern":null,"optionType":null,"hasEmptyValue":true,"options":[{"id":"empty","name":"Choose one..."},{"id":"Trainee Engineer","name":"Trainee Engineer"},{"id":"Associate Software Engineer","name":"Associate Software Engineer"},{"id":"Team Lead","name":"Team Lead"},{"id":"Technical Architect","name":"Technical Architect"}],"restUrl":null,"restResponsePath":null,"restIdProperty":null,"restLabelProperty":null,"tab":null,"className":null,"params":{"existingColspan":1,"maxColspan":2},"dateDisplayFormat":null,"layout":{"row":0,"column":0,"colspan":0},"sizeX":0,"sizeY":0,"row":0,"col":0,"visibilityCondition":null,"endpoint":null,"requestHeaders":null}],"2":[{"fieldType":"RestFieldRepresentation","id":"NewEmpInfo_team","name":"Team","type":"dropdown","value":null,"required":true,"readOnly":false,"overrideId":true,"colspan":1,"placeholder":null,"minLength":0,"maxLength":0,"minValue":null,"maxValue":null,"regexPattern":null,"optionType":null,"hasEmptyValue":true,"options":[{"id":"empty","name":"Choose one..."},{"id":"SAP","name":"SAP"},{"id":"Engineering","name":"Engineering"},{"id":"IT","name":"IT"},{"id":"Research And Development","name":"Research And Development"},{"id":"HR","name":"HR"},{"id":"Finance","name":"Finance"}],"restUrl":null,"restResponsePath":null,"restIdProperty":null,"restLabelProperty":null,"tab":null,"className":null,"params":{"existingColspan":1,"maxColspan":1},"dateDisplayFormat":null,"layout":{"row":0,"column":0,"colspan":0},"sizeX":0,"sizeY":0,"row":0,"col":0,"visibilityCondition":null,"endpoint":null,"requestHeaders":null}]}}],"outcomes":[],"javascriptEvents":[{"event":"formRendered","javascriptLogic":"\nvar newFirstName,newMiddleName,newLastName,currItem;\n//scope.currentAndHistoricFormFields[5].value = scope.currentAndHistoricFormFields[0].value+\" \"+scope.currentAndHistoricFormFields[1].value+\" \"+scope.currentAndHistoricFormFields[3].value;\nscope.getValueById = function (id){\n    var i=0;\n     for(i=0;i<scope.currentAndHistoricFormFields.length;i++)\n    {\n        var item = scope.currentAndHistoricFormFields[i];\n        if(id===item.id)\n            return item.value;\n    }\n\n}\n\nscope.setFullname = function(id){\n    var i=0;\n    for(i=0;i<scope.currentAndHistoricFormFields.length;i++)\n    {\n        var item = scope.currentAndHistoricFormFields[i];\n        if(id===item.id){\n           item.value = newFirstName+\" \"+newMiddleName+\" \"+newLastName;\n           return;\n        }\n    }\n    \n}\nscope.setEmailId = function(id){\n    var i=0;\n    for(i=0;i<scope.currentAndHistoricFormFields.length;i++)\n    {\n        var item = scope.currentAndHistoricFormFields[i];\n        if(id===item.id){\n            item.value = newFirstName+\".\"+newLastName+\"@techsophy.com\";\n            return;\n        }\n    }\n    \n}\n//scope.getValueById('firstname',newFirstName);\n//scope.getValueById('middlename',newMiddleName);\n//scope.getValueById('lastname',newLastName);\nnewFirstName = scope.getValueById('NewEmpInfo_firstname');\nnewMiddleName = scope.getValueById('NewEmpInfo_middlename');\nnewLastName = scope.getValueById('NewEmpInfo_lastname');\n\nscope.setFullname('fullname');\n\n//currItem.value = newFirstName+\" \"+newMiddleName+\" \"+newLastName;\n\n\nscope.setEmailId('emailid');\n\n//currItemEmail.value = newFirstName+\".\"+newLastName+\"@techsophy.com\";\n\n\n"}],"className":"","style":"","customFieldTemplates":{},"metadata":{},"variables":[],"customFieldsValueInfo":{},"gridsterForm":false}}