{"bounds":{"lowerRight":{"x":2116.0,"y":700.0},"upperLeft":{"x":0.0,"y":0.0}},"resourceId":"canvas","stencil":{"id":"BPMNDiagram"},"stencilset":{"namespace":"http://b3mn.org/stencilset/bpmn2.0#","url":"../editor/stencilsets/bpmn2.0/bpmn2.0.json"},"properties":{"process_id":"EmployeeOnBoardingFlow124","name":"EmployeeOnBoardingFlow","executionlisteners":{"executionListeners":[]},"eventlisteners":{"eventListeners":[]},"signaldefinitions":[],"messagedefinitions":[],"process_namespace":"http://www.activiti.org/test"},"childShapes":[{"bounds":{"lowerRight":{"x":1235.0,"y":160.0},"upperLeft":{"x":1125.0,"y":105.0}},"resourceId":"Assignment4_EmployeeOnBoardingFlow","childShapes":[],"stencil":{"id":"UserTask"},"properties":{"overrideid":"Assignment4_EmployeeOnBoardingFlow","name":"Admin Stage","usertasksendemail":true,"usertaskassignment":{"assignment":{"type":"idm","idm":{"type":"initiator"},"initiatorCanCompleteTask":false}},"formreference":{"id":5007,"name":"AdminSection"},"formproperties":{"formProperties":[{"id":"outcomes","name":"Outcomes","type":"string","expression":"[{\"name\":\"Ok\",\"id\":\"ok\"},{\"name\":\"Cancel\",\"id\":\"cancel\"}]","variable":null,"required":false,"readable":true,"writable":false},{"id":"modalpopups","name":"ModalPopups","type":"string","expression":"[]","variable":null,"required":false,"readable":true,"writable":false}]},"executionlisteners":{"executionListeners":[]},"isforcompensation":false,"asynchronousdefinition":false,"exclusivedefinition":true,"tasklisteners":{"taskListeners":[]}},"outgoing":[{"resourceId":"SequenceFlow8"}]},{"bounds":{"lowerRight":{"x":335.0,"y":177.5},"upperLeft":{"x":225.0,"y":122.5}},"resourceId":"ASSIGNMENT63_EmployeeOnBoardingFlow","childShapes":[],"stencil":{"id":"UserTask"},"properties":{"overrideid":"ASSIGNMENT63_EmployeeOnBoardingFlow","name":"HR Stage","usertasksendemail":true,"usertaskassignment":{"assignment":{"type":"idm","idm":{"type":"initiator"},"initiatorCanCompleteTask":false}},"formreference":{"id":5008,"name":"HRSection"},"formproperties":{"formProperties":[{"id":"outcomes","name":"Outcomes","type":"string","expression":"[{\"name\":\"Ok\",\"id\":\"ok\"},{\"name\":\"Cancel\",\"id\":\"cancel\"}]","variable":null,"required":false,"readable":true,"writable":false},{"id":"modalpopups","name":"ModalPopups","type":"string","expression":"[]","variable":null,"required":false,"readable":true,"writable":false}]},"executionlisteners":{"executionListeners":[]},"isforcompensation":false,"asynchronousdefinition":false,"exclusivedefinition":true,"tasklisteners":{"taskListeners":[]}},"outgoing":[{"resourceId":"SequenceFlow5"}]},{"bounds":{"lowerRight":{"x":755.0,"y":160.0},"upperLeft":{"x":645.0,"y":105.0}},"resourceId":"Assignment2_EmployeeOnBoardingFlow","childShapes":[],"stencil":{"id":"UserTask"},"properties":{"overrideid":"Assignment2_EmployeeOnBoardingFlow","name":"IT Stage","usertasksendemail":true,"usertaskassignment":{"assignment":{"type":"idm","idm":{"type":"initiator"},"initiatorCanCompleteTask":false}},"formreference":{"id":5006,"name":"ITSection"},"formproperties":{"formProperties":[{"id":"outcomes","name":"Outcomes","type":"string","expression":"[{\"name\":\"Ok\",\"id\":\"ok\"},{\"name\":\"Cancel\",\"id\":\"cancel\"}]","variable":null,"required":false,"readable":true,"writable":false},{"id":"modalpopups","name":"ModalPopups","type":"string","expression":"[]","variable":null,"required":false,"readable":true,"writable":false}]},"executionlisteners":{"executionListeners":[]},"isforcompensation":false,"asynchronousdefinition":false,"exclusivedefinition":true,"tasklisteners":{"taskListeners":[]}},"outgoing":[{"resourceId":"SequenceFlow6"}]},{"bounds":{"lowerRight":{"x":500.0,"y":177.5},"upperLeft":{"x":390.0,"y":122.5}},"resourceId":"Assignment1_EmployeeOnBoardingFlow","childShapes":[],"stencil":{"id":"UserTask"},"properties":{"overrideid":"Assignment1_EmployeeOnBoardingFlow","name":"Manager Stage","usertasksendemail":true,"usertaskassignment":{"assignment":{"type":"idm","idm":{"type":"initiator"},"initiatorCanCompleteTask":false}},"formreference":{"id":5009,"name":"ManagerSection"},"formproperties":{"formProperties":[{"id":"outcomes","name":"Outcomes","type":"string","expression":"[{\"name\":\"Ok\",\"id\":\"ok\"},{\"name\":\"Cancel\",\"id\":\"cancel\"}]","variable":null,"required":false,"readable":true,"writable":false},{"id":"modalpopups","name":"ModalPopups","type":"string","expression":"[]","variable":null,"required":false,"readable":true,"writable":false}]},"executionlisteners":{"executionListeners":[]},"isforcompensation":false,"asynchronousdefinition":false,"exclusivedefinition":true,"tasklisteners":{"taskListeners":[]}},"outgoing":[{"resourceId":"SequenceFlow10"}]},{"bounds":{"lowerRight":{"x":610.0,"y":115.0},"upperLeft":{"x":570.0,"y":75.0}},"resourceId":"Decision1_EmployeeOnBoardingFlow","childShapes":[],"stencil":{"id":"ExclusiveGateway"},"properties":{"overrideid":"Decision1_EmployeeOnBoardingFlow","executionlisteners":{"executionListeners":[]},"asynchronousdefinition":false,"exclusivedefinition":true},"outgoing":[{"resourceId":"SequenceFlow2"},{"resourceId":"SequenceFlow1"}]},{"bounds":{"lowerRight":{"x":940.0,"y":172.5},"upperLeft":{"x":840.0,"y":92.5}},"resourceId":"SubProcess1_EmployeeOnBoardingFlow","childShapes":[],"stencil":{"id":"SubProcessCollapsed"},"properties":{"overrideid":"SubProcess1_EmployeeOnBoardingFlow","name":"EmployeeSubProcess","subprocessreference":{"id":"5014","name":"EmployeeFlow","variablesmapping":[{"mappedVariable":"NewEmpInfoDB_role","inProcessVariable":"NewEmpInfo_role","outProcessVariable":"","inVariableType":"formField","typeOfMapping":"inputMap","outVariableType":"staticValue"},{"mappedVariable":"NewEmpInfoDB_team","inProcessVariable":"NewEmpInfo_team","outProcessVariable":"","inVariableType":"formField","typeOfMapping":"inputMap","outVariableType":"staticValue"},{"mappedVariable":"gender","inProcessVariable":"NewEmpInfo_gender","outProcessVariable":"","inVariableType":"formField","typeOfMapping":"inputMap","outVariableType":"staticValue"},{"mappedVariable":"mobile","inProcessVariable":"NewEmpInfo_mobile","outProcessVariable":"","inVariableType":"formField","typeOfMapping":"inputMap","outVariableType":"staticValue"}]},"executionlisteners":{"executionListeners":[]},"isforcompensation":false,"asynchronousdefinition":false,"exclusivedefinition":true},"outgoing":[{"resourceId":"SequenceFlow7"}]},{"bounds":{"lowerRight":{"x":90.0,"y":165.0},"upperLeft":{"x":60.0,"y":135.0}},"resourceId":"Start1_EmployeeOnBoardingFlow","childShapes":[],"stencil":{"id":"StartNoneEvent"},"properties":{"overrideid":"Start1_EmployeeOnBoardingFlow","name":"Start1_EmployeeOnBoardingFlow","executionlisteners":{"executionListeners":[]},"asynchronousdefinition":false,"exclusivedefinition":true},"outgoing":[{"resourceId":"sid-59F99678-9BBC-491D-8357-8A50D4804AE7"}]},{"bounds":{"lowerRight":{"x":1348.0,"y":146.5},"upperLeft":{"x":1320.0,"y":118.5}},"resourceId":"END52_EmployeeOnBoardingFlow","childShapes":[],"stencil":{"id":"EndNoneEvent"},"properties":{"overrideid":"END52_EmployeeOnBoardingFlow","name":"END52_EmployeeOnBoardingFlow","executionlisteners":{"executionListeners":[]},"asynchronousdefinition":false,"exclusivedefinition":true},"outgoing":[]},{"bounds":{"lowerRight":{"x":172.0,"y":212.0},"upperLeft":{"x":128.0,"y":212.0}},"resourceId":"SequenceFlow5","childShapes":[],"stencil":{"id":"SequenceFlow"},"dockers":[{"x":55.0,"y":27.5},{"x":55.0,"y":27.5}],"outgoing":[{"resourceId":"Assignment1_EmployeeOnBoardingFlow"}],"target":{"resourceId":"Assignment1_EmployeeOnBoardingFlow"},"properties":{"overrideid":"SequenceFlow5","executionlisteners":{"executionListeners":[]}}},{"bounds":{"lowerRight":{"x":172.0,"y":212.0},"upperLeft":{"x":128.0,"y":212.0}},"resourceId":"SequenceFlow6","childShapes":[],"stencil":{"id":"SequenceFlow"},"dockers":[{"x":55.0,"y":27.5},{"x":50.0,"y":40.0}],"outgoing":[{"resourceId":"SubProcess1_EmployeeOnBoardingFlow"}],"target":{"resourceId":"SubProcess1_EmployeeOnBoardingFlow"},"properties":{"overrideid":"SequenceFlow6","executionlisteners":{"executionListeners":[]}}},{"bounds":{"lowerRight":{"x":172.0,"y":212.0},"upperLeft":{"x":128.0,"y":212.0}},"resourceId":"SequenceFlow7","childShapes":[],"stencil":{"id":"SequenceFlow"},"dockers":[{"x":50.0,"y":40.0},{"x":55.0,"y":27.5}],"outgoing":[{"resourceId":"Assignment4_EmployeeOnBoardingFlow"}],"target":{"resourceId":"Assignment4_EmployeeOnBoardingFlow"},"properties":{"overrideid":"SequenceFlow7","name":"[Always]","executionlisteners":{"executionListeners":[]}}},{"bounds":{"lowerRight":{"x":172.0,"y":212.0},"upperLeft":{"x":128.0,"y":212.0}},"resourceId":"SequenceFlow8","childShapes":[],"stencil":{"id":"SequenceFlow"},"dockers":[{"x":55.0,"y":27.5},{"x":14.0,"y":14.0}],"outgoing":[{"resourceId":"END52_EmployeeOnBoardingFlow"}],"target":{"resourceId":"END52_EmployeeOnBoardingFlow"},"properties":{"overrideid":"SequenceFlow8","executionlisteners":{"executionListeners":[]}}},{"bounds":{"lowerRight":{"x":172.0,"y":212.0},"upperLeft":{"x":128.0,"y":212.0}},"resourceId":"sid-59F99678-9BBC-491D-8357-8A50D4804AE7","childShapes":[],"stencil":{"id":"SequenceFlow"},"dockers":[{"x":15.0,"y":15.0},{"x":55.0,"y":27.5}],"outgoing":[{"resourceId":"ASSIGNMENT63_EmployeeOnBoardingFlow"}],"target":{"resourceId":"ASSIGNMENT63_EmployeeOnBoardingFlow"},"properties":{"overrideid":"sid-59F99678-9BBC-491D-8357-8A50D4804AE7","executionlisteners":{"executionListeners":[]}}},{"bounds":{"lowerRight":{"x":172.0,"y":212.0},"upperLeft":{"x":128.0,"y":212.0}},"resourceId":"SequenceFlow2","childShapes":[],"stencil":{"id":"SequenceFlow"},"dockers":[{"x":20.0,"y":20.0},{"x":280.0,"y":95.0},{"x":55.0,"y":27.5}],"outgoing":[{"resourceId":"ASSIGNMENT63_EmployeeOnBoardingFlow"}],"target":{"resourceId":"ASSIGNMENT63_EmployeeOnBoardingFlow"},"properties":{"overrideid":"SequenceFlow2","name":"false","executionlisteners":{"executionListeners":[]},"defaultflow":true}},{"bounds":{"lowerRight":{"x":172.0,"y":212.0},"upperLeft":{"x":128.0,"y":212.0}},"resourceId":"SequenceFlow10","childShapes":[],"stencil":{"id":"SequenceFlow"},"dockers":[{"x":55.0,"y":27.5},{"x":20.0,"y":20.0}],"outgoing":[{"resourceId":"Decision1_EmployeeOnBoardingFlow"}],"target":{"resourceId":"Decision1_EmployeeOnBoardingFlow"},"properties":{"overrideid":"SequenceFlow10","executionlisteners":{"executionListeners":[]}}},{"bounds":{"lowerRight":{"x":172.0,"y":212.0},"upperLeft":{"x":128.0,"y":212.0}},"resourceId":"SequenceFlow1","childShapes":[],"stencil":{"id":"SequenceFlow"},"dockers":[{"x":20.0,"y":20.0},{"x":55.0,"y":27.5}],"outgoing":[{"resourceId":"Assignment2_EmployeeOnBoardingFlow"}],"target":{"resourceId":"Assignment2_EmployeeOnBoardingFlow"},"properties":{"overrideid":"SequenceFlow1","name":"true","executionlisteners":{"executionListeners":[]},"conditionsequenceflow":{"expression":{"type":"static","staticValue":"${result==\"Accept\"}"}}}}]}