<?xml version='1.0' encoding='UTF-8'?>
<definitions xmlns="http://www.omg.org/spec/BPMN/20100524/MODEL" xmlns:xsi="http://www.w3.org/2001/XMLSchema-instance" xmlns:xsd="http://www.w3.org/2001/XMLSchema" xmlns:activiti="http://activiti.org/bpmn" xmlns:bpmndi="http://www.omg.org/spec/BPMN/20100524/DI" xmlns:omgdc="http://www.omg.org/spec/DD/20100524/DC" xmlns:omgdi="http://www.omg.org/spec/DD/20100524/DI" typeLanguage="http://www.w3.org/2001/XMLSchema" expressionLanguage="http://www.w3.org/1999/XPath" targetNamespace="http://www.activiti.org/test" xmlns:modeler="http://activiti.com/modeler" modeler:version="1.0en" modeler:exportDateTime="20171107183734835" modeler:modelId="5015" modeler:modelVersion="3" modeler:modelLastUpdated="1507118084954">
  <process id="EmployeeOnBoardingFlow124" name="EmployeeOnBoardingFlow" isExecutable="true">
    <userTask id="Assignment4_EmployeeOnBoardingFlow" name="Admin Stage" activiti:assignee="$INITIATOR" activiti:formKey="5007">
      <extensionElements>
        <activiti:formProperty id="outcomes" name="Outcomes" type="string" expression="[{&quot;name&quot;:&quot;Ok&quot;,&quot;id&quot;:&quot;ok&quot;},{&quot;name&quot;:&quot;Cancel&quot;,&quot;id&quot;:&quot;cancel&quot;}]" writable="false"/>
        <activiti:formProperty id="modalpopups" name="ModalPopups" type="string" expression="[]" writable="false"/>
        <modeler:allow-send-email><![CDATA[true]]></modeler:allow-send-email>
        <modeler:form-reference-id><![CDATA[5007]]></modeler:form-reference-id>
        <modeler:form-reference-name><![CDATA[AdminSection]]></modeler:form-reference-name>
        <modeler:activiti-idm-initiator><![CDATA[true]]></modeler:activiti-idm-initiator>
        <modeler:initiator-can-complete><![CDATA[false]]></modeler:initiator-can-complete>
        <modeler:editor-resource-id><![CDATA[Assignment4_EmployeeOnBoardingFlow]]></modeler:editor-resource-id>
      </extensionElements>
    </userTask>
    <userTask id="ASSIGNMENT63_EmployeeOnBoardingFlow" name="HR Stage" activiti:assignee="$INITIATOR" activiti:formKey="5008">
      <extensionElements>
        <activiti:formProperty id="outcomes" name="Outcomes" type="string" expression="[{&quot;name&quot;:&quot;Ok&quot;,&quot;id&quot;:&quot;ok&quot;},{&quot;name&quot;:&quot;Cancel&quot;,&quot;id&quot;:&quot;cancel&quot;}]" writable="false"/>
        <activiti:formProperty id="modalpopups" name="ModalPopups" type="string" expression="[]" writable="false"/>
        <modeler:allow-send-email><![CDATA[true]]></modeler:allow-send-email>
        <modeler:form-reference-id><![CDATA[5008]]></modeler:form-reference-id>
        <modeler:form-reference-name><![CDATA[HRSection]]></modeler:form-reference-name>
        <modeler:activiti-idm-initiator><![CDATA[true]]></modeler:activiti-idm-initiator>
        <modeler:initiator-can-complete><![CDATA[false]]></modeler:initiator-can-complete>
        <modeler:editor-resource-id><![CDATA[ASSIGNMENT63_EmployeeOnBoardingFlow]]></modeler:editor-resource-id>
      </extensionElements>
    </userTask>
    <userTask id="Assignment2_EmployeeOnBoardingFlow" name="IT Stage" activiti:assignee="$INITIATOR" activiti:formKey="5006">
      <extensionElements>
        <activiti:formProperty id="outcomes" name="Outcomes" type="string" expression="[{&quot;name&quot;:&quot;Ok&quot;,&quot;id&quot;:&quot;ok&quot;},{&quot;name&quot;:&quot;Cancel&quot;,&quot;id&quot;:&quot;cancel&quot;}]" writable="false"/>
        <activiti:formProperty id="modalpopups" name="ModalPopups" type="string" expression="[]" writable="false"/>
        <modeler:allow-send-email><![CDATA[true]]></modeler:allow-send-email>
        <modeler:form-reference-id><![CDATA[5006]]></modeler:form-reference-id>
        <modeler:form-reference-name><![CDATA[ITSection]]></modeler:form-reference-name>
        <modeler:activiti-idm-initiator><![CDATA[true]]></modeler:activiti-idm-initiator>
        <modeler:initiator-can-complete><![CDATA[false]]></modeler:initiator-can-complete>
        <modeler:editor-resource-id><![CDATA[Assignment2_EmployeeOnBoardingFlow]]></modeler:editor-resource-id>
      </extensionElements>
    </userTask>
    <userTask id="Assignment1_EmployeeOnBoardingFlow" name="Manager Stage" activiti:assignee="$INITIATOR" activiti:formKey="5009">
      <extensionElements>
        <activiti:formProperty id="outcomes" name="Outcomes" type="string" expression="[{&quot;name&quot;:&quot;Ok&quot;,&quot;id&quot;:&quot;ok&quot;},{&quot;name&quot;:&quot;Cancel&quot;,&quot;id&quot;:&quot;cancel&quot;}]" writable="false"/>
        <activiti:formProperty id="modalpopups" name="ModalPopups" type="string" expression="[]" writable="false"/>
        <modeler:allow-send-email><![CDATA[true]]></modeler:allow-send-email>
        <modeler:form-reference-id><![CDATA[5009]]></modeler:form-reference-id>
        <modeler:form-reference-name><![CDATA[ManagerSection]]></modeler:form-reference-name>
        <modeler:activiti-idm-initiator><![CDATA[true]]></modeler:activiti-idm-initiator>
        <modeler:initiator-can-complete><![CDATA[false]]></modeler:initiator-can-complete>
        <modeler:editor-resource-id><![CDATA[Assignment1_EmployeeOnBoardingFlow]]></modeler:editor-resource-id>
      </extensionElements>
    </userTask>
    <exclusiveGateway id="Decision1_EmployeeOnBoardingFlow" default="SequenceFlow2">
      <extensionElements>
        <modeler:editor-resource-id><![CDATA[Decision1_EmployeeOnBoardingFlow]]></modeler:editor-resource-id>
      </extensionElements>
    </exclusiveGateway>
    <subProcess id="SubProcess1_EmployeeOnBoardingFlow" name="EmployeeSubProcess">
      <extensionElements>
        <activiti:executionListener event="start" delegateExpression="${activiti_subProcessVariablesMappingListener}"/>
        <activiti:executionListener event="end" delegateExpression="${activiti_subProcessVariablesMappingListener}"/>
        <modeler:subprocess-id><![CDATA[5014]]></modeler:subprocess-id>
        <modeler:subprocess-name><![CDATA[EmployeeFlow]]></modeler:subprocess-name>
        <modeler:subprocess-original-width><![CDATA[100.0]]></modeler:subprocess-original-width>
        <modeler:subprocess-original-height><![CDATA[80.0]]></modeler:subprocess-original-height>
        <modeler:subprocess-width-difference><![CDATA[718.0]]></modeler:subprocess-width-difference>
        <modeler:subprocess-height-difference><![CDATA[107.5]]></modeler:subprocess-height-difference>
        <modeler:variablesMapping>
          <modeler:mappedVariable><![CDATA[NewEmpInfoDB_role]]></modeler:mappedVariable>
          <modeler:inProcessVariable><![CDATA[NewEmpInfo_role]]></modeler:inProcessVariable>
          <modeler:inVariableType><![CDATA[formField]]></modeler:inVariableType>
          <modeler:outVariableType><![CDATA[staticValue]]></modeler:outVariableType>
          <modeler:typeOfMapping><![CDATA[inputMap]]></modeler:typeOfMapping>
        </modeler:variablesMapping>
        <modeler:variablesMapping>
          <modeler:mappedVariable><![CDATA[NewEmpInfoDB_team]]></modeler:mappedVariable>
          <modeler:inProcessVariable><![CDATA[NewEmpInfo_team]]></modeler:inProcessVariable>
          <modeler:inVariableType><![CDATA[formField]]></modeler:inVariableType>
          <modeler:outVariableType><![CDATA[staticValue]]></modeler:outVariableType>
          <modeler:typeOfMapping><![CDATA[inputMap]]></modeler:typeOfMapping>
        </modeler:variablesMapping>
        <modeler:variablesMapping>
          <modeler:mappedVariable><![CDATA[gender]]></modeler:mappedVariable>
          <modeler:inProcessVariable><![CDATA[NewEmpInfo_gender]]></modeler:inProcessVariable>
          <modeler:inVariableType><![CDATA[formField]]></modeler:inVariableType>
          <modeler:outVariableType><![CDATA[staticValue]]></modeler:outVariableType>
          <modeler:typeOfMapping><![CDATA[inputMap]]></modeler:typeOfMapping>
        </modeler:variablesMapping>
        <modeler:variablesMapping>
          <modeler:mappedVariable><![CDATA[mobile]]></modeler:mappedVariable>
          <modeler:inProcessVariable><![CDATA[NewEmpInfo_mobile]]></modeler:inProcessVariable>
          <modeler:inVariableType><![CDATA[formField]]></modeler:inVariableType>
          <modeler:outVariableType><![CDATA[staticValue]]></modeler:outVariableType>
          <modeler:typeOfMapping><![CDATA[inputMap]]></modeler:typeOfMapping>
        </modeler:variablesMapping>
        <modeler:editor-resource-id><![CDATA[SubProcess1_EmployeeOnBoardingFlow]]></modeler:editor-resource-id>
        <modeler:ignore-listener-on-import><![CDATA[${activiti_subProcessVariablesMappingListener}]]></modeler:ignore-listener-on-import>
      </extensionElements>
      <userTask id="SubProcess1_EmployeeOnBoardingFlow-Assignment1_EmployeeFlow" name="Employee Stage" activiti:assignee="$INITIATOR" activiti:formKey="5005">
        <extensionElements>
          <activiti:formProperty id="outcomes" name="Outcomes" type="string" expression="[{&quot;name&quot;:&quot;Ok&quot;,&quot;id&quot;:&quot;ok&quot;},{&quot;name&quot;:&quot;Cancel&quot;,&quot;id&quot;:&quot;cancel&quot;}]" writable="false"/>
          <activiti:formProperty id="modalpopups" name="ModalPopups" type="string" expression="[]" writable="false"/>
          <modeler:allow-send-email><![CDATA[true]]></modeler:allow-send-email>
          <modeler:form-reference-id><![CDATA[5005]]></modeler:form-reference-id>
          <modeler:form-reference-name><![CDATA[EmployeeSection]]></modeler:form-reference-name>
          <modeler:activiti-idm-initiator><![CDATA[true]]></modeler:activiti-idm-initiator>
          <modeler:initiator-can-complete><![CDATA[false]]></modeler:initiator-can-complete>
          <modeler:editor-resource-id><![CDATA[Assignment1_EmployeeFlow]]></modeler:editor-resource-id>
          <modeler:subprocess-element-id><![CDATA[Assignment1_EmployeeFlow]]></modeler:subprocess-element-id>
        </extensionElements>
      </userTask>
      <serviceTask id="SubProcess1_EmployeeOnBoardingFlow-Utility1_EmployeeFlow" name="Send Email" activiti:type="mail">
        <extensionElements>
          <activiti:field name="to">
            <activiti:expression><![CDATA[${NewEmpInfo_email}]]></activiti:expression>
          </activiti:field>
          <activiti:field name="subject">
            <activiti:string><![CDATA[Login Credentials]]></activiti:string>
          </activiti:field>
          <activiti:field name="html">
            <activiti:expression><![CDATA[<?xml version="1.0" encoding="UTF-8"?><pyMessageBody>

Hello,

						<br/>

						<br/> Please login to the below url with the provided credentials.

						<br/>

						<br/> URL : http://172.16.0.21:8080/prweb

						<br/>

						<br/> Username : ${NewEmpInfo_firstname}

						<br/> Password : tech@123

						<br/>

						<br/> NOTE :Please change your password after first login.

						<br/>

						<br/> Thanks

						<br/> System Administrator



					</pyMessageBody>]]></activiti:expression>
          </activiti:field>
          <modeler:editor-resource-id><![CDATA[Utility1_EmployeeFlow]]></modeler:editor-resource-id>
          <modeler:subprocess-element-id><![CDATA[Utility1_EmployeeFlow]]></modeler:subprocess-element-id>
        </extensionElements>
      </serviceTask>
      <endEvent id="SubProcess1_EmployeeOnBoardingFlow-END52_EmployeeFlow" name="END52_EmployeeFlow">
        <extensionElements>
          <modeler:editor-resource-id><![CDATA[END52_EmployeeFlow]]></modeler:editor-resource-id>
          <modeler:subprocess-element-id><![CDATA[END52_EmployeeFlow]]></modeler:subprocess-element-id>
        </extensionElements>
      </endEvent>
      <startEvent id="SubProcess1_EmployeeOnBoardingFlow-Start1_EmployeeFlow" name="Start1_EmployeeFlow">
        <extensionElements>
          <modeler:editor-resource-id><![CDATA[Start1_EmployeeFlow]]></modeler:editor-resource-id>
          <modeler:subprocess-element-id><![CDATA[Start1_EmployeeFlow]]></modeler:subprocess-element-id>
        </extensionElements>
      </startEvent>
      <serviceTask id="SubProcess1_EmployeeOnBoardingFlow-EmployeeStage_RDB_Save_storeEntityTask" name="EmployeeStage_RDB_Save_storeEntityTask" activiti:delegateExpression="${activiti_storeEntityDelegate}">
        <extensionElements>
          <activiti:field name="publishAsType">
            <activiti:string><![CDATA[process_initiator]]></activiti:string>
          </activiti:field>
          <modeler:entity-attribute-mapping modeler:mappedDataModel="5010" modeler:mappedEntity="empinfo">
            <modeler:attribute-element-mapping modeler:attribute-name="banksortcode" modeler:form-field-id="empInfoBanksortcode" modeler:form-field-name="Bank Sort Code" modeler:form-field-type="text"/>
            <modeler:attribute-element-mapping modeler:attribute-name="firstname" modeler:form-field-id="NewEmpInfo_firstname" modeler:form-field-name="First Name" modeler:form-field-type="text"/>
            <modeler:attribute-element-mapping modeler:attribute-name="role" modeler:form-field-id="NewEmpInfoDB_role" modeler:form-field-name="Employee Role" modeler:form-field-type="text"/>
            <modeler:attribute-element-mapping modeler:attribute-name="address" modeler:form-field-id="empInfoAddress" modeler:form-field-name="Address" modeler:form-field-type="multi-line-text"/>
            <modeler:attribute-element-mapping modeler:attribute-name="gender" modeler:variable-id="gender" modeler:variable-name="gender" modeler:variable-type="string"/>
            <modeler:attribute-element-mapping modeler:attribute-name="city" modeler:form-field-id="empInfoCity" modeler:form-field-name="City" modeler:form-field-type="text"/>
            <modeler:attribute-element-mapping modeler:attribute-name="accno" modeler:form-field-id="empInfoAccno" modeler:form-field-name="Account No" modeler:form-field-type="text"/>
            <modeler:attribute-element-mapping modeler:attribute-name="mobile" modeler:variable-id="mobile" modeler:variable-name="mobile" modeler:variable-type="string"/>
            <modeler:attribute-element-mapping modeler:attribute-name="middlename" modeler:form-field-id="NewEmpInfo_middlename" modeler:form-field-name="Middle Name" modeler:form-field-type="text"/>
            <modeler:attribute-element-mapping modeler:attribute-name="team" modeler:form-field-id="NewEmpInfoDB_team" modeler:form-field-name="Department" modeler:form-field-type="text"/>
            <modeler:attribute-element-mapping modeler:attribute-name="lastname" modeler:form-field-id="NewEmpInfo_lastname" modeler:form-field-name="Last Name" modeler:form-field-type="text"/>
            <modeler:attribute-element-mapping modeler:attribute-name="zipcode" modeler:form-field-id="empInfoZipcode" modeler:form-field-name="Zip Code" modeler:form-field-type="text"/>
            <modeler:attribute-element-mapping modeler:attribute-name="identification" modeler:form-field-id="empInfoIdentification" modeler:form-field-name="SSN NO" modeler:form-field-type="text"/>
            <modeler:attribute-element-mapping modeler:attribute-name="inspolicyno" modeler:form-field-id="empInfoInspolicyno" modeler:form-field-name="Insurance Policy No" modeler:form-field-type="text"/>
            <modeler:attribute-element-mapping modeler:attribute-name="maritalstatus" modeler:form-field-id="empInfoMaritalStatus" modeler:form-field-name="Marital Status - id" modeler:form-field-type="dropdown"/>
            <modeler:attribute-element-mapping modeler:attribute-name="dob" modeler:form-field-id="NewEmpInfo_dob" modeler:form-field-name="Date of Birth" modeler:form-field-type="date"/>
            <modeler:attribute-element-mapping modeler:attribute-name="state" modeler:form-field-id="empInfoState" modeler:form-field-name="State" modeler:form-field-type="text"/>
            <modeler:attribute-element-mapping modeler:attribute-name="bankname" modeler:form-field-id="empInfoBankname" modeler:form-field-name="Bank Name" modeler:form-field-type="text"/>
            <modeler:attribute-element-mapping modeler:attribute-name="email" modeler:form-field-id="NewEmpInfo_email" modeler:form-field-name="Email" modeler:form-field-type="text"/>
            <modeler:attribute-element-mapping modeler:attribute-name="typeofacc" modeler:form-field-id="empInfoTypeofacc" modeler:form-field-name="Type Of Account" modeler:form-field-type="text"/>
            <modeler:attribute-element-mapping modeler:attribute-name="branchname" modeler:form-field-id="empInfoBranchname" modeler:form-field-name="Branch Name" modeler:form-field-type="text"/>
          </modeler:entity-attribute-mapping>
          <modeler:editor-resource-id><![CDATA[EmployeeStage_RDB_Save_storeEntityTask]]></modeler:editor-resource-id>
          <modeler:subprocess-element-id><![CDATA[EmployeeStage_RDB_Save_storeEntityTask]]></modeler:subprocess-element-id>
        </extensionElements>
      </serviceTask>
      <sequenceFlow id="SubProcess1_EmployeeOnBoardingFlow-SequenceFlow11" sourceRef="SubProcess1_EmployeeOnBoardingFlow-Assignment1_EmployeeFlow" targetRef="SubProcess1_EmployeeOnBoardingFlow-EmployeeStage_RDB_Save_storeEntityTask">
        <extensionElements>
          <modeler:editor-resource-id><![CDATA[SequenceFlow11]]></modeler:editor-resource-id>
          <modeler:subprocess-element-id><![CDATA[SequenceFlow11]]></modeler:subprocess-element-id>
        </extensionElements>
      </sequenceFlow>
      <sequenceFlow id="SubProcess1_EmployeeOnBoardingFlow-SequenceFlow12" name="[Always]" sourceRef="SubProcess1_EmployeeOnBoardingFlow-Utility1_EmployeeFlow" targetRef="SubProcess1_EmployeeOnBoardingFlow-Assignment1_EmployeeFlow">
        <extensionElements>
          <modeler:editor-resource-id><![CDATA[SequenceFlow12]]></modeler:editor-resource-id>
          <modeler:subprocess-element-id><![CDATA[SequenceFlow12]]></modeler:subprocess-element-id>
        </extensionElements>
      </sequenceFlow>
      <sequenceFlow id="SubProcess1_EmployeeOnBoardingFlow-SequenceFlow13" name="[Always]" sourceRef="SubProcess1_EmployeeOnBoardingFlow-Start1_EmployeeFlow" targetRef="SubProcess1_EmployeeOnBoardingFlow-Utility1_EmployeeFlow">
        <extensionElements>
          <modeler:editor-resource-id><![CDATA[SequenceFlow13]]></modeler:editor-resource-id>
          <modeler:subprocess-element-id><![CDATA[SequenceFlow13]]></modeler:subprocess-element-id>
        </extensionElements>
      </sequenceFlow>
      <sequenceFlow id="SubProcess1_EmployeeOnBoardingFlow-SequenceFlow14" sourceRef="SubProcess1_EmployeeOnBoardingFlow-EmployeeStage_RDB_Save_storeEntityTask" targetRef="SubProcess1_EmployeeOnBoardingFlow-END52_EmployeeFlow">
        <extensionElements>
          <modeler:editor-resource-id><![CDATA[SequenceFlow14]]></modeler:editor-resource-id>
          <modeler:subprocess-element-id><![CDATA[SequenceFlow14]]></modeler:subprocess-element-id>
        </extensionElements>
      </sequenceFlow>
    </subProcess>
    <startEvent id="Start1_EmployeeOnBoardingFlow" name="Start1_EmployeeOnBoardingFlow">
      <extensionElements>
        <modeler:editor-resource-id><![CDATA[Start1_EmployeeOnBoardingFlow]]></modeler:editor-resource-id>
      </extensionElements>
    </startEvent>
    <endEvent id="END52_EmployeeOnBoardingFlow" name="END52_EmployeeOnBoardingFlow">
      <extensionElements>
        <modeler:editor-resource-id><![CDATA[END52_EmployeeOnBoardingFlow]]></modeler:editor-resource-id>
      </extensionElements>
    </endEvent>
    <sequenceFlow id="SequenceFlow5" sourceRef="ASSIGNMENT63_EmployeeOnBoardingFlow" targetRef="Assignment1_EmployeeOnBoardingFlow">
      <extensionElements>
        <modeler:editor-resource-id><![CDATA[SequenceFlow5]]></modeler:editor-resource-id>
      </extensionElements>
    </sequenceFlow>
    <sequenceFlow id="SequenceFlow6" sourceRef="Assignment2_EmployeeOnBoardingFlow" targetRef="SubProcess1_EmployeeOnBoardingFlow">
      <extensionElements>
        <modeler:editor-resource-id><![CDATA[SequenceFlow6]]></modeler:editor-resource-id>
      </extensionElements>
    </sequenceFlow>
    <sequenceFlow id="SequenceFlow7" name="[Always]" sourceRef="SubProcess1_EmployeeOnBoardingFlow" targetRef="Assignment4_EmployeeOnBoardingFlow">
      <extensionElements>
        <modeler:editor-resource-id><![CDATA[SequenceFlow7]]></modeler:editor-resource-id>
      </extensionElements>
    </sequenceFlow>
    <sequenceFlow id="SequenceFlow8" sourceRef="Assignment4_EmployeeOnBoardingFlow" targetRef="END52_EmployeeOnBoardingFlow">
      <extensionElements>
        <modeler:editor-resource-id><![CDATA[SequenceFlow8]]></modeler:editor-resource-id>
      </extensionElements>
    </sequenceFlow>
    <sequenceFlow id="sid-59F99678-9BBC-491D-8357-8A50D4804AE7" sourceRef="Start1_EmployeeOnBoardingFlow" targetRef="ASSIGNMENT63_EmployeeOnBoardingFlow">
      <extensionElements>
        <modeler:editor-resource-id><![CDATA[sid-59F99678-9BBC-491D-8357-8A50D4804AE7]]></modeler:editor-resource-id>
      </extensionElements>
    </sequenceFlow>
    <sequenceFlow id="SequenceFlow2" name="false" sourceRef="Decision1_EmployeeOnBoardingFlow" targetRef="ASSIGNMENT63_EmployeeOnBoardingFlow">
      <extensionElements>
        <modeler:editor-resource-id><![CDATA[SequenceFlow2]]></modeler:editor-resource-id>
      </extensionElements>
    </sequenceFlow>
    <sequenceFlow id="SequenceFlow10" sourceRef="Assignment1_EmployeeOnBoardingFlow" targetRef="Decision1_EmployeeOnBoardingFlow">
      <extensionElements>
        <modeler:editor-resource-id><![CDATA[SequenceFlow10]]></modeler:editor-resource-id>
      </extensionElements>
    </sequenceFlow>
    <sequenceFlow id="SequenceFlow1" name="true" sourceRef="Decision1_EmployeeOnBoardingFlow" targetRef="Assignment2_EmployeeOnBoardingFlow">
      <extensionElements>
        <modeler:editor-resource-id><![CDATA[SequenceFlow1]]></modeler:editor-resource-id>
      </extensionElements>
      <conditionExpression xsi:type="tFormalExpression"><![CDATA[${result=="Accept"}]]></conditionExpression>
    </sequenceFlow>
  </process>
  <bpmndi:BPMNDiagram id="BPMNDiagram_EmployeeOnBoardingFlow124">
    <bpmndi:BPMNPlane bpmnElement="EmployeeOnBoardingFlow124" id="BPMNPlane_EmployeeOnBoardingFlow124">
      <bpmndi:BPMNShape bpmnElement="Assignment4_EmployeeOnBoardingFlow" id="BPMNShape_Assignment4_EmployeeOnBoardingFlow">
        <omgdc:Bounds height="55.0" width="110.0" x="1843.0" y="212.5"/>
      </bpmndi:BPMNShape>
      <bpmndi:BPMNShape bpmnElement="ASSIGNMENT63_EmployeeOnBoardingFlow" id="BPMNShape_ASSIGNMENT63_EmployeeOnBoardingFlow">
        <omgdc:Bounds height="55.0" width="110.0" x="225.0" y="122.5"/>
      </bpmndi:BPMNShape>
      <bpmndi:BPMNShape bpmnElement="Assignment2_EmployeeOnBoardingFlow" id="BPMNShape_Assignment2_EmployeeOnBoardingFlow">
        <omgdc:Bounds height="55.0" width="110.0" x="645.0" y="105.0"/>
      </bpmndi:BPMNShape>
      <bpmndi:BPMNShape bpmnElement="Assignment1_EmployeeOnBoardingFlow" id="BPMNShape_Assignment1_EmployeeOnBoardingFlow">
        <omgdc:Bounds height="55.0" width="110.0" x="390.0" y="122.5"/>
      </bpmndi:BPMNShape>
      <bpmndi:BPMNShape bpmnElement="Decision1_EmployeeOnBoardingFlow" id="BPMNShape_Decision1_EmployeeOnBoardingFlow">
        <omgdc:Bounds height="40.0" width="40.0" x="570.0" y="75.0"/>
      </bpmndi:BPMNShape>
      <bpmndi:BPMNShape bpmnElement="SubProcess1_EmployeeOnBoardingFlow" id="BPMNShape_SubProcess1_EmployeeOnBoardingFlow">
        <omgdc:Bounds height="187.5" width="818.0" x="840.0" y="92.5"/>
      </bpmndi:BPMNShape>
      <bpmndi:BPMNShape bpmnElement="Start1_EmployeeOnBoardingFlow" id="BPMNShape_Start1_EmployeeOnBoardingFlow">
        <omgdc:Bounds height="30.0" width="30.0" x="60.0" y="135.0"/>
      </bpmndi:BPMNShape>
      <bpmndi:BPMNShape bpmnElement="END52_EmployeeOnBoardingFlow" id="BPMNShape_END52_EmployeeOnBoardingFlow">
        <omgdc:Bounds height="28.0" width="28.0" x="2038.0" y="226.0"/>
      </bpmndi:BPMNShape>
      <bpmndi:BPMNShape bpmnElement="SubProcess1_EmployeeOnBoardingFlow-Assignment1_EmployeeFlow" id="BPMNShape_SubProcess1_EmployeeOnBoardingFlow-Assignment1_EmployeeFlow">
        <omgdc:Bounds height="55.0" width="110.0" x="1140.0" y="92.5"/>
      </bpmndi:BPMNShape>
      <bpmndi:BPMNShape bpmnElement="SubProcess1_EmployeeOnBoardingFlow-Utility1_EmployeeFlow" id="BPMNShape_SubProcess1_EmployeeOnBoardingFlow-Utility1_EmployeeFlow">
        <omgdc:Bounds height="55.0" width="110.0" x="1005.0" y="185.0"/>
      </bpmndi:BPMNShape>
      <bpmndi:BPMNShape bpmnElement="SubProcess1_EmployeeOnBoardingFlow-END52_EmployeeFlow" id="BPMNShape_SubProcess1_EmployeeOnBoardingFlow-END52_EmployeeFlow">
        <omgdc:Bounds height="28.0" width="28.0" x="1590.0" y="197.5"/>
      </bpmndi:BPMNShape>
      <bpmndi:BPMNShape bpmnElement="SubProcess1_EmployeeOnBoardingFlow-Start1_EmployeeFlow" id="BPMNShape_SubProcess1_EmployeeOnBoardingFlow-Start1_EmployeeFlow">
        <omgdc:Bounds height="30.0" width="30.0" x="885.0" y="197.5"/>
      </bpmndi:BPMNShape>
      <bpmndi:BPMNShape bpmnElement="SubProcess1_EmployeeOnBoardingFlow-EmployeeStage_RDB_Save_storeEntityTask" id="BPMNShape_SubProcess1_EmployeeOnBoardingFlow-EmployeeStage_RDB_Save_storeEntityTask">
        <omgdc:Bounds height="55.0" width="110.0" x="1350.0" y="182.5"/>
      </bpmndi:BPMNShape>
      <bpmndi:BPMNEdge bpmnElement="SequenceFlow10" id="BPMNEdge_SequenceFlow10">
        <omgdi:waypoint x="500.0" y="129.13793103448276"/>
        <omgdi:waypoint x="575.5" y="100.5"/>
      </bpmndi:BPMNEdge>
      <bpmndi:BPMNEdge bpmnElement="SequenceFlow6" id="BPMNEdge_SequenceFlow6">
        <omgdi:waypoint x="755.0" y="132.5"/>
        <omgdi:waypoint x="840.0" y="132.5"/>
      </bpmndi:BPMNEdge>
      <bpmndi:BPMNEdge bpmnElement="SequenceFlow5" id="BPMNEdge_SequenceFlow5">
        <omgdi:waypoint x="335.0" y="150.0"/>
        <omgdi:waypoint x="390.0" y="150.0"/>
      </bpmndi:BPMNEdge>
      <bpmndi:BPMNEdge bpmnElement="sid-59F99678-9BBC-491D-8357-8A50D4804AE7" id="BPMNEdge_sid-59F99678-9BBC-491D-8357-8A50D4804AE7">
        <omgdi:waypoint x="90.0" y="150.0"/>
        <omgdi:waypoint x="225.0" y="150.0"/>
      </bpmndi:BPMNEdge>
      <bpmndi:BPMNEdge bpmnElement="SequenceFlow2" id="BPMNEdge_SequenceFlow2">
        <omgdi:waypoint x="570.0" y="95.0"/>
        <omgdi:waypoint x="280.0" y="95.0"/>
        <omgdi:waypoint x="280.0" y="122.5"/>
      </bpmndi:BPMNEdge>
      <bpmndi:BPMNEdge bpmnElement="SequenceFlow1" id="BPMNEdge_SequenceFlow1">
        <omgdi:waypoint x="604.9152542372881" y="100.08474576271186"/>
        <omgdi:waypoint x="645.0" y="113.75"/>
      </bpmndi:BPMNEdge>
      <bpmndi:BPMNEdge bpmnElement="SequenceFlow8" id="BPMNEdge_SequenceFlow8">
        <omgdi:waypoint x="1953.0" y="240.0"/>
        <omgdi:waypoint x="2038.0" y="240.0"/>
      </bpmndi:BPMNEdge>
      <bpmndi:BPMNEdge bpmnElement="SequenceFlow7" id="BPMNEdge_SequenceFlow7">
        <omgdi:waypoint x="1658.0" y="240.0"/>
        <omgdi:waypoint x="1843.0" y="240.0"/>
      </bpmndi:BPMNEdge>
      <bpmndi:BPMNEdge bpmnElement="SubProcess1_EmployeeOnBoardingFlow-SequenceFlow14" id="BPMNEdge_SubProcess1_EmployeeOnBoardingFlow-SequenceFlow14">
        <omgdi:waypoint x="1350.0" y="202.93402777777777"/>
        <omgdi:waypoint x="1525.0" y="210.0"/>
        <omgdi:waypoint x="1525.0" y="211.5"/>
        <omgdi:waypoint x="1590.0703826846252" y="210.0979438501935"/>
      </bpmndi:BPMNEdge>
      <bpmndi:BPMNEdge bpmnElement="SubProcess1_EmployeeOnBoardingFlow-SequenceFlow13" id="BPMNEdge_SubProcess1_EmployeeOnBoardingFlow-SequenceFlow13">
        <omgdi:waypoint x="915.0" y="212.5"/>
        <omgdi:waypoint x="1005.0" y="212.5"/>
      </bpmndi:BPMNEdge>
      <bpmndi:BPMNEdge bpmnElement="SubProcess1_EmployeeOnBoardingFlow-SequenceFlow12" id="BPMNEdge_SubProcess1_EmployeeOnBoardingFlow-SequenceFlow12">
        <omgdi:waypoint x="1005.0" y="205.2836879432624"/>
        <omgdi:waypoint x="1195.0" y="212.5"/>
        <omgdi:waypoint x="1140.0" y="120.0"/>
      </bpmndi:BPMNEdge>
      <bpmndi:BPMNEdge bpmnElement="SubProcess1_EmployeeOnBoardingFlow-SequenceFlow11" id="BPMNEdge_SubProcess1_EmployeeOnBoardingFlow-SequenceFlow11">
        <omgdi:waypoint x="1140.0" y="111.92460317460316"/>
        <omgdi:waypoint x="1405.0" y="120.0"/>
        <omgdi:waypoint x="1350.0" y="198.05059523809524"/>
      </bpmndi:BPMNEdge>
    </bpmndi:BPMNPlane>
  </bpmndi:BPMNDiagram>
</definitions>