{"resourceId":6008,"properties":{"process_id":"DataModelTest","name":"DataModel Test","documentation":"","process_author":"Mukhesh","process_version":"","process_namespace":"http://www.activiti.org/processdef","executionlisteners":"{\"executionListeners\":[]}","eventlisteners":"{\"eventListeners\":[]}","signaldefinitions":"[]","messagedefinitions":"[]","executionvariables":"","metadata":""},"stencil":{"id":"BPMNDiagram"},"childShapes":[{"resourceId":"startEvent1","properties":{"overrideid":"startEvent1","name":"","documentation":"","executionlisteners":{"executionListeners":[]},"initiator":"","formkeydefinition":"","formreference":"","fieldstovariables":"","formproperties":"","asynchronousdefinition":false,"exclusivedefinition":false},"stencil":{"id":"StartNoneEvent"},"childShapes":[],"outgoing":[{"resourceId":"sid-0CAC52FE-35AB-434E-93EC-F9F4E1A8588C"}],"bounds":{"lowerRight":{"x":135,"y":120},"upperLeft":{"x":105,"y":90}},"dockers":[]},{"resourceId":"sid-F868F3D7-8EE0-43C2-B84C-43CC02474949","properties":{"overrideid":"sid-F868F3D7-8EE0-43C2-B84C-43CC02474949","name":"store task","documentation":"","asynchronousdefinition":false,"exclusivedefinition":false,"executionlisteners":{"executionListeners":[]},"multiinstance_type":"None","multiinstance_cardinality":"","multiinstance_collection":"","multiinstance_variable":"","multiinstance_condition":"","isforcompensation":false,"usertasksendemail":true,"usertaskassignment":{"assignment":{"type":"idm","idm":{"type":"initiator"}}},"formkeydefinition":"","formreference":{"id":6006,"name":"Store Form"},"fieldstovariables":"","duedatedefinition":"","prioritydefinition":"","categorydefinition":"","formproperties":"","tasklisteners":{"taskListeners":[]},"emailtemplate":""},"stencil":{"id":"UserTask"},"childShapes":[],"outgoing":[{"resourceId":"sid-EE0372E2-B632-4493-8A3A-C4E2C776BCDE"}],"bounds":{"lowerRight":{"x":280,"y":140},"upperLeft":{"x":180,"y":60}},"dockers":[]},{"resourceId":"sid-0CAC52FE-35AB-434E-93EC-F9F4E1A8588C","properties":{"overrideid":"sid-0CAC52FE-35AB-434E-93EC-F9F4E1A8588C","name":"","documentation":"","conditionsequenceflow":"","executionlisteners":{"executionListeners":[]},"defaultflow":"false"},"stencil":{"id":"SequenceFlow"},"childShapes":[],"outgoing":[{"resourceId":"sid-F868F3D7-8EE0-43C2-B84C-43CC02474949"}],"bounds":{"lowerRight":{"x":179.15625,"y":105},"upperLeft":{"x":135.0625,"y":100}},"dockers":[{"x":15,"y":15},{"x":157.5,"y":105},{"x":157.5,"y":100},{"x":50,"y":40}],"target":{"resourceId":"sid-F868F3D7-8EE0-43C2-B84C-43CC02474949"}},{"resourceId":"sid-5ABDE9FE-2728-411A-859D-0777AA02AA59","properties":{"overrideid":"sid-5ABDE9FE-2728-411A-859D-0777AA02AA59","name":"store in db","documentation":"","alfrescoactiontask_publish_as_type":{"publishAsType":"process_initiator"},"entityattributemapping":{"mappedDataModel":6007,"mappedEntity":"student","variableType":"new","newVariableName":"obj","attributeMappings":[{"attributeName":"name","valueType":"field","formField":{"id":"name","name":"name","type":"text"}},{"attributeName":"age","valueType":"field","formField":{"id":"age","name":"age","type":"text"}},{"attributeName":"location","valueType":"field","formField":{"id":"location","name":"location","type":"text"}}]},"isforcompensation":false,"executionlisteners":{"executionListeners":[]},"exclusivedefinition":true,"asynchronousdefinition":false},"stencil":{"id":"StoreEntityTask"},"childShapes":[],"outgoing":[{"resourceId":"sid-2A73F9D3-2C8A-4E57-9D7A-DF6ACEFB04F6"}],"bounds":{"lowerRight":{"x":460,"y":140},"upperLeft":{"x":360,"y":60}},"dockers":[]},{"resourceId":"sid-EE0372E2-B632-4493-8A3A-C4E2C776BCDE","properties":{"overrideid":"sid-EE0372E2-B632-4493-8A3A-C4E2C776BCDE","name":"","documentation":"","conditionsequenceflow":"","executionlisteners":{"executionListeners":[]},"defaultflow":"false"},"stencil":{"id":"SequenceFlow"},"childShapes":[],"outgoing":[{"resourceId":"sid-5ABDE9FE-2728-411A-859D-0777AA02AA59"}],"bounds":{"lowerRight":{"x":359.78125,"y":100},"upperLeft":{"x":280.21875,"y":100}},"dockers":[{"x":50,"y":40},{"x":50,"y":40}],"target":{"resourceId":"sid-5ABDE9FE-2728-411A-859D-0777AA02AA59"}},{"resourceId":"sid-99B56877-D0ED-4006-B733-E8FFC5BD43FE","properties":{"overrideid":"sid-99B56877-D0ED-4006-B733-E8FFC5BD43FE","name":"update task","documentation":"","asynchronousdefinition":false,"exclusivedefinition":false,"executionlisteners":{"executionListeners":[]},"multiinstance_type":"None","multiinstance_cardinality":"","multiinstance_collection":"","multiinstance_variable":"","multiinstance_condition":"","isforcompensation":false,"usertasksendemail":true,"usertaskassignment":{"assignment":{"type":"idm","idm":{"type":"initiator"}}},"formkeydefinition":"","formreference":{"id":6006,"name":"Store Form"},"fieldstovariables":"","duedatedefinition":"","prioritydefinition":"","categorydefinition":"","formproperties":"","tasklisteners":{"taskListeners":[]},"emailtemplate":""},"stencil":{"id":"UserTask"},"childShapes":[],"outgoing":[{"resourceId":"sid-DD7071EF-8619-4A6D-A0AB-83292FAD5AC8"}],"bounds":{"lowerRight":{"x":595,"y":140},"upperLeft":{"x":495,"y":60}},"dockers":[]},{"resourceId":"sid-2A73F9D3-2C8A-4E57-9D7A-DF6ACEFB04F6","properties":{"overrideid":"sid-2A73F9D3-2C8A-4E57-9D7A-DF6ACEFB04F6","name":"","documentation":"","conditionsequenceflow":"","executionlisteners":{"executionListeners":[]},"defaultflow":"false"},"stencil":{"id":"SequenceFlow"},"childShapes":[],"outgoing":[{"resourceId":"sid-99B56877-D0ED-4006-B733-E8FFC5BD43FE"}],"bounds":{"lowerRight":{"x":494.4296875,"y":100},"upperLeft":{"x":460.5703125,"y":100}},"dockers":[{"x":50,"y":40},{"x":50,"y":40}],"target":{"resourceId":"sid-99B56877-D0ED-4006-B733-E8FFC5BD43FE"}},{"resourceId":"sid-C2685A69-C6B1-4DD5-9AFB-E9DA9DFAECBD","properties":{"overrideid":"sid-C2685A69-C6B1-4DD5-9AFB-E9DA9DFAECBD","name":"","documentation":"","executionlisteners":{"executionListeners":[]},"asynchronousdefinition":false,"exclusivedefinition":false},"stencil":{"id":"EndNoneEvent"},"childShapes":[],"outgoing":[],"bounds":{"lowerRight":{"x":818,"y":114},"upperLeft":{"x":790,"y":86}},"dockers":[]},{"resourceId":"sid-FD06FFEF-16EB-4D0B-81BC-48147002CFE7","properties":{"overrideid":"sid-FD06FFEF-16EB-4D0B-81BC-48147002CFE7","name":"update db","documentation":"","alfrescoactiontask_publish_as_type":{"publishAsType":"process_initiator"},"entityattributemapping":{"mappedDataModel":6007,"mappedEntity":"student","variableType":"existing","existingVariable":{"mappedVariableName":"obj","entityName":"student"},"attributeMappings":[{"attributeName":"studentid","valueType":"variable","variable":{"id":"obj.studentid","name":"obj.studentid","type":"number"}},{"attributeName":"name","valueType":"field","formField":{"id":"name","name":"name","type":"text"}},{"attributeName":"age","valueType":"field","formField":{"id":"age","name":"age","type":"text"}},{"attributeName":"location","valueType":"field","formField":{"id":"location","name":"location","type":"text"}}]},"isforcompensation":false,"executionlisteners":{"executionListeners":[]},"exclusivedefinition":true,"asynchronousdefinition":false},"stencil":{"id":"StoreEntityTask"},"childShapes":[],"outgoing":[{"resourceId":"sid-F196125C-0CFA-4C4E-8BC4-EB00A64461B4"}],"bounds":{"lowerRight":{"x":760,"y":140},"upperLeft":{"x":660,"y":60}},"dockers":[]},{"resourceId":"sid-DD7071EF-8619-4A6D-A0AB-83292FAD5AC8","properties":{"overrideid":"sid-DD7071EF-8619-4A6D-A0AB-83292FAD5AC8","name":"","documentation":"","conditionsequenceflow":"","executionlisteners":{"executionListeners":[]},"defaultflow":"false"},"stencil":{"id":"SequenceFlow"},"childShapes":[],"outgoing":[{"resourceId":"sid-FD06FFEF-16EB-4D0B-81BC-48147002CFE7"}],"bounds":{"lowerRight":{"x":659.37109375,"y":100},"upperLeft":{"x":595.62890625,"y":100}},"dockers":[{"x":50,"y":40},{"x":50,"y":40}],"target":{"resourceId":"sid-FD06FFEF-16EB-4D0B-81BC-48147002CFE7"}},{"resourceId":"sid-F196125C-0CFA-4C4E-8BC4-EB00A64461B4","properties":{"overrideid":"sid-F196125C-0CFA-4C4E-8BC4-EB00A64461B4","name":"","documentation":"","conditionsequenceflow":"","executionlisteners":{"executionListeners":[]},"defaultflow":"false"},"stencil":{"id":"SequenceFlow"},"childShapes":[],"outgoing":[{"resourceId":"sid-C2685A69-C6B1-4DD5-9AFB-E9DA9DFAECBD"}],"bounds":{"lowerRight":{"x":789.78125,"y":100},"upperLeft":{"x":760.9375,"y":100}},"dockers":[{"x":50,"y":40},{"x":14,"y":14}],"target":{"resourceId":"sid-C2685A69-C6B1-4DD5-9AFB-E9DA9DFAECBD"}}],"bounds":{"lowerRight":{"x":1200,"y":1050},"upperLeft":{"x":0,"y":0}},"stencilset":{"url":"stencilsets/bpmn2.0/bpmn2.0.json","namespace":"http://b3mn.org/stencilset/bpmn2.0#"},"ssextensions":[]}