{"bounds":{"lowerRight":{"x":1485.0,"y":700.0},"upperLeft":{"x":0.0,"y":0.0}},"resourceId":"canvas","stencil":{"id":"BPMNDiagram"},"stencilset":{"namespace":"http://b3mn.org/stencilset/bpmn2.0#","url":"../editor/stencilsets/bpmn2.0/bpmn2.0.json"},"properties":{"process_id":"TestProcess","name":"TestProcess","executionlisteners":{"executionListeners":[]},"eventlisteners":{"eventListeners":[]},"signaldefinitions":[],"messagedefinitions":[],"process_namespace":"http://www.activiti.org/processdef"},"childShapes":[{"bounds":{"lowerRight":{"x":135.0,"y":120.0},"upperLeft":{"x":105.0,"y":90.0}},"resourceId":"startEvent1","childShapes":[],"stencil":{"id":"StartNoneEvent"},"properties":{"overrideid":"startEvent1","executionlisteners":{"executionListeners":[]},"asynchronousdefinition":false,"exclusivedefinition":false},"outgoing":[{"resourceId":"sid-0CAC52FE-35AB-434E-93EC-F9F4E1A8588C"}]},{"bounds":{"lowerRight":{"x":280.0,"y":145.0},"upperLeft":{"x":180.0,"y":65.0}},"resourceId":"sid-F868F3D7-8EE0-43C2-B84C-43CC02474949","childShapes":[],"stencil":{"id":"UserTask"},"properties":{"overrideid":"sid-F868F3D7-8EE0-43C2-B84C-43CC02474949","name":"store task","usertasksendemail":true,"usertaskassignment":{"assignment":{"type":"idm","idm":{"type":"initiator"}}},"formreference":{"id":6006,"name":"Store Form"},"executionlisteners":{"executionListeners":[]},"isforcompensation":false,"asynchronousdefinition":false,"exclusivedefinition":false,"tasklisteners":{"taskListeners":[]}},"outgoing":[{"resourceId":"sid-EE0372E2-B632-4493-8A3A-C4E2C776BCDE"}]},{"bounds":{"lowerRight":{"x":172.0,"y":212.0},"upperLeft":{"x":128.0,"y":212.0}},"resourceId":"sid-0CAC52FE-35AB-434E-93EC-F9F4E1A8588C","childShapes":[],"stencil":{"id":"SequenceFlow"},"dockers":[{"x":15.0,"y":15.0},{"x":50.0,"y":40.0}],"outgoing":[{"resourceId":"sid-F868F3D7-8EE0-43C2-B84C-43CC02474949"}],"target":{"resourceId":"sid-F868F3D7-8EE0-43C2-B84C-43CC02474949"},"properties":{"overrideid":"sid-0CAC52FE-35AB-434E-93EC-F9F4E1A8588C","executionlisteners":{"executionListeners":[]}}},{"bounds":{"lowerRight":{"x":460.0,"y":140.0},"upperLeft":{"x":360.0,"y":60.0}},"resourceId":"sid-5ABDE9FE-2728-411A-859D-0777AA02AA59","childShapes":[],"stencil":{"id":"StoreEntityTask"},"properties":{"overrideid":"sid-5ABDE9FE-2728-411A-859D-0777AA02AA59","name":"store in db","alfrescoactiontask_publish_as_type":{"publishAsType":"process_initiator"},"entityattributemapping":{"mappedDataModel":6007,"mappedEntity":"student","variableType":"new","newVariableName":"obj","attributeMappings":[{"attributeName":"name","valueType":"field","formField":{"id":"name","name":"name","type":"text"}},{"attributeName":"age","valueType":"field","formField":{"id":"age","name":"age","type":"text"}},{"attributeName":"location","valueType":"field","formField":{"id":"location","name":"location","type":"text"}}]},"executionlisteners":{"executionListeners":[]},"isforcompensation":false,"asynchronousdefinition":false,"exclusivedefinition":true},"outgoing":[{"resourceId":"sid-2A73F9D3-2C8A-4E57-9D7A-DF6ACEFB04F6"}]},{"bounds":{"lowerRight":{"x":172.0,"y":212.0},"upperLeft":{"x":128.0,"y":212.0}},"resourceId":"sid-EE0372E2-B632-4493-8A3A-C4E2C776BCDE","childShapes":[],"stencil":{"id":"SequenceFlow"},"dockers":[{"x":50.0,"y":40.0},{"x":320.0,"y":105.0},{"x":320.0,"y":100.0},{"x":50.0,"y":40.0}],"outgoing":[{"resourceId":"sid-5ABDE9FE-2728-411A-859D-0777AA02AA59"}],"target":{"resourceId":"sid-5ABDE9FE-2728-411A-859D-0777AA02AA59"},"properties":{"overrideid":"sid-EE0372E2-B632-4493-8A3A-C4E2C776BCDE","executionlisteners":{"executionListeners":[]}}},{"bounds":{"lowerRight":{"x":595.0,"y":140.0},"upperLeft":{"x":495.0,"y":60.0}},"resourceId":"sid-99B56877-D0ED-4006-B733-E8FFC5BD43FE","childShapes":[],"stencil":{"id":"UserTask"},"properties":{"overrideid":"sid-99B56877-D0ED-4006-B733-E8FFC5BD43FE","name":"update task","usertasksendemail":true,"usertaskassignment":{"assignment":{"type":"idm","idm":{"type":"initiator"}}},"formreference":{"id":6006,"name":"Store Form"},"executionlisteners":{"executionListeners":[]},"isforcompensation":false,"asynchronousdefinition":false,"exclusivedefinition":false,"tasklisteners":{"taskListeners":[]}},"outgoing":[{"resourceId":"sid-DD7071EF-8619-4A6D-A0AB-83292FAD5AC8"}]},{"bounds":{"lowerRight":{"x":172.0,"y":212.0},"upperLeft":{"x":128.0,"y":212.0}},"resourceId":"sid-2A73F9D3-2C8A-4E57-9D7A-DF6ACEFB04F6","childShapes":[],"stencil":{"id":"SequenceFlow"},"dockers":[{"x":50.0,"y":40.0},{"x":50.0,"y":40.0}],"outgoing":[{"resourceId":"sid-99B56877-D0ED-4006-B733-E8FFC5BD43FE"}],"target":{"resourceId":"sid-99B56877-D0ED-4006-B733-E8FFC5BD43FE"},"properties":{"overrideid":"sid-2A73F9D3-2C8A-4E57-9D7A-DF6ACEFB04F6","executionlisteners":{"executionListeners":[]}}},{"bounds":{"lowerRight":{"x":818.0,"y":114.0},"upperLeft":{"x":790.0,"y":86.0}},"resourceId":"sid-C2685A69-C6B1-4DD5-9AFB-E9DA9DFAECBD","childShapes":[],"stencil":{"id":"EndNoneEvent"},"properties":{"overrideid":"sid-C2685A69-C6B1-4DD5-9AFB-E9DA9DFAECBD","executionlisteners":{"executionListeners":[]},"asynchronousdefinition":false,"exclusivedefinition":false},"outgoing":[]},{"bounds":{"lowerRight":{"x":760.0,"y":140.0},"upperLeft":{"x":660.0,"y":60.0}},"resourceId":"sid-FD06FFEF-16EB-4D0B-81BC-48147002CFE7","childShapes":[],"stencil":{"id":"StoreEntityTask"},"properties":{"overrideid":"sid-FD06FFEF-16EB-4D0B-81BC-48147002CFE7","name":"update db","alfrescoactiontask_publish_as_type":{"publishAsType":"process_initiator"},"entityattributemapping":{"mappedDataModel":6007,"mappedEntity":"student","variableType":"existing","existingVariable":{"mappedVariableName":"obj","entityName":"student"},"attributeMappings":[{"attributeName":"studentid","valueType":"variable","variable":{"id":"obj.studentid","name":"obj.studentid","type":"number"}},{"attributeName":"name","valueType":"field","formField":{"id":"name","name":"name","type":"text"}},{"attributeName":"age","valueType":"field","formField":{"id":"age","name":"age","type":"text"}},{"attributeName":"location","valueType":"field","formField":{"id":"location","name":"location","type":"text"}}]},"executionlisteners":{"executionListeners":[]},"isforcompensation":false,"asynchronousdefinition":false,"exclusivedefinition":true},"outgoing":[{"resourceId":"sid-F196125C-0CFA-4C4E-8BC4-EB00A64461B4"}]},{"bounds":{"lowerRight":{"x":172.0,"y":212.0},"upperLeft":{"x":128.0,"y":212.0}},"resourceId":"sid-DD7071EF-8619-4A6D-A0AB-83292FAD5AC8","childShapes":[],"stencil":{"id":"SequenceFlow"},"dockers":[{"x":50.0,"y":40.0},{"x":50.0,"y":40.0}],"outgoing":[{"resourceId":"sid-FD06FFEF-16EB-4D0B-81BC-48147002CFE7"}],"target":{"resourceId":"sid-FD06FFEF-16EB-4D0B-81BC-48147002CFE7"},"properties":{"overrideid":"sid-DD7071EF-8619-4A6D-A0AB-83292FAD5AC8","executionlisteners":{"executionListeners":[]}}},{"bounds":{"lowerRight":{"x":172.0,"y":212.0},"upperLeft":{"x":128.0,"y":212.0}},"resourceId":"sid-F196125C-0CFA-4C4E-8BC4-EB00A64461B4","childShapes":[],"stencil":{"id":"SequenceFlow"},"dockers":[{"x":50.0,"y":40.0},{"x":14.0,"y":14.0}],"outgoing":[{"resourceId":"sid-C2685A69-C6B1-4DD5-9AFB-E9DA9DFAECBD"}],"target":{"resourceId":"sid-C2685A69-C6B1-4DD5-9AFB-E9DA9DFAECBD"},"properties":{"overrideid":"sid-F196125C-0CFA-4C4E-8BC4-EB00A64461B4","executionlisteners":{"executionListeners":[]}}}]}