<?xml version='1.0' encoding='UTF-8'?>
<definitions xmlns="http://www.omg.org/spec/BPMN/20100524/MODEL" xmlns:xsi="http://www.w3.org/2001/XMLSchema-instance" xmlns:xsd="http://www.w3.org/2001/XMLSchema" xmlns:activiti="http://activiti.org/bpmn" xmlns:bpmndi="http://www.omg.org/spec/BPMN/20100524/DI" xmlns:omgdc="http://www.omg.org/spec/DD/20100524/DC" xmlns:omgdi="http://www.omg.org/spec/DD/20100524/DI" typeLanguage="http://www.w3.org/2001/XMLSchema" expressionLanguage="http://www.w3.org/1999/XPath" targetNamespace="http://www.activiti.org/processdef" xmlns:modeler="http://activiti.com/modeler" modeler:version="1.0en" modeler:exportDateTime="20171106170935363" modeler:modelId="6008" modeler:modelVersion="3" modeler:modelLastUpdated="1509963587708">
  <process id="DataModelTest" name="DataModel Test" isExecutable="true">
    <startEvent id="startEvent1">
      <extensionElements>
        <modeler:editor-resource-id><![CDATA[startEvent1]]></modeler:editor-resource-id>
      </extensionElements>
    </startEvent>
    <userTask id="sid-F868F3D7-8EE0-43C2-B84C-43CC02474949" name="store task" activiti:assignee="$INITIATOR" activiti:formKey="6006">
      <extensionElements>
        <modeler:allow-send-email><![CDATA[true]]></modeler:allow-send-email>
        <modeler:form-reference-id><![CDATA[6006]]></modeler:form-reference-id>
        <modeler:form-reference-name><![CDATA[Store Form]]></modeler:form-reference-name>
        <modeler:activiti-idm-initiator><![CDATA[true]]></modeler:activiti-idm-initiator>
        <modeler:initiator-can-complete><![CDATA[false]]></modeler:initiator-can-complete>
        <modeler:editor-resource-id><![CDATA[sid-F868F3D7-8EE0-43C2-B84C-43CC02474949]]></modeler:editor-resource-id>
      </extensionElements>
    </userTask>
    <sequenceFlow id="sid-0CAC52FE-35AB-434E-93EC-F9F4E1A8588C" sourceRef="startEvent1" targetRef="sid-F868F3D7-8EE0-43C2-B84C-43CC02474949">
      <extensionElements>
        <modeler:editor-resource-id><![CDATA[sid-0CAC52FE-35AB-434E-93EC-F9F4E1A8588C]]></modeler:editor-resource-id>
      </extensionElements>
    </sequenceFlow>
    <serviceTask id="sid-5ABDE9FE-2728-411A-859D-0777AA02AA59" name="store in db" activiti:delegateExpression="${activiti_storeEntityDelegate}">
      <extensionElements>
        <activiti:field name="publishAsType">
          <activiti:string><![CDATA[process_initiator]]></activiti:string>
        </activiti:field>
        <modeler:entity-attribute-mapping modeler:mappedDataModel="6007" modeler:mappedEntity="student" modeler:newVariableName="obj">
          <modeler:attribute-element-mapping modeler:attribute-name="name" modeler:form-field-id="name" modeler:form-field-name="name" modeler:form-field-type="text"/>
          <modeler:attribute-element-mapping modeler:attribute-name="age" modeler:form-field-id="age" modeler:form-field-name="age" modeler:form-field-type="text"/>
          <modeler:attribute-element-mapping modeler:attribute-name="location" modeler:form-field-id="location" modeler:form-field-name="location" modeler:form-field-type="text"/>
        </modeler:entity-attribute-mapping>
        <modeler:editor-resource-id><![CDATA[sid-5ABDE9FE-2728-411A-859D-0777AA02AA59]]></modeler:editor-resource-id>
      </extensionElements>
    </serviceTask>
    <sequenceFlow id="sid-EE0372E2-B632-4493-8A3A-C4E2C776BCDE" sourceRef="sid-F868F3D7-8EE0-43C2-B84C-43CC02474949" targetRef="sid-5ABDE9FE-2728-411A-859D-0777AA02AA59">
      <extensionElements>
        <modeler:editor-resource-id><![CDATA[sid-EE0372E2-B632-4493-8A3A-C4E2C776BCDE]]></modeler:editor-resource-id>
      </extensionElements>
    </sequenceFlow>
    <userTask id="sid-99B56877-D0ED-4006-B733-E8FFC5BD43FE" name="update task" activiti:assignee="$INITIATOR" activiti:formKey="6006">
      <extensionElements>
        <modeler:allow-send-email><![CDATA[true]]></modeler:allow-send-email>
        <modeler:form-reference-id><![CDATA[6006]]></modeler:form-reference-id>
        <modeler:form-reference-name><![CDATA[Store Form]]></modeler:form-reference-name>
        <modeler:activiti-idm-initiator><![CDATA[true]]></modeler:activiti-idm-initiator>
        <modeler:initiator-can-complete><![CDATA[false]]></modeler:initiator-can-complete>
        <modeler:editor-resource-id><![CDATA[sid-99B56877-D0ED-4006-B733-E8FFC5BD43FE]]></modeler:editor-resource-id>
      </extensionElements>
    </userTask>
    <sequenceFlow id="sid-2A73F9D3-2C8A-4E57-9D7A-DF6ACEFB04F6" sourceRef="sid-5ABDE9FE-2728-411A-859D-0777AA02AA59" targetRef="sid-99B56877-D0ED-4006-B733-E8FFC5BD43FE">
      <extensionElements>
        <modeler:editor-resource-id><![CDATA[sid-2A73F9D3-2C8A-4E57-9D7A-DF6ACEFB04F6]]></modeler:editor-resource-id>
      </extensionElements>
    </sequenceFlow>
    <endEvent id="sid-C2685A69-C6B1-4DD5-9AFB-E9DA9DFAECBD">
      <extensionElements>
        <modeler:editor-resource-id><![CDATA[sid-C2685A69-C6B1-4DD5-9AFB-E9DA9DFAECBD]]></modeler:editor-resource-id>
      </extensionElements>
    </endEvent>
    <serviceTask id="sid-FD06FFEF-16EB-4D0B-81BC-48147002CFE7" name="update db" activiti:delegateExpression="${activiti_storeEntityDelegate}">
      <extensionElements>
        <activiti:field name="publishAsType">
          <activiti:string><![CDATA[process_initiator]]></activiti:string>
        </activiti:field>
        <modeler:entity-attribute-mapping modeler:mappedDataModel="6007" modeler:mappedEntity="student" modeler:mapped-variable-name="obj" modeler:variable-entity-name="student">
          <modeler:attribute-element-mapping modeler:attribute-name="studentid" modeler:variable-id="obj.studentid" modeler:variable-name="obj.studentid" modeler:variable-type="number"/>
          <modeler:attribute-element-mapping modeler:attribute-name="name" modeler:form-field-id="name" modeler:form-field-name="name" modeler:form-field-type="text"/>
          <modeler:attribute-element-mapping modeler:attribute-name="age" modeler:form-field-id="age" modeler:form-field-name="age" modeler:form-field-type="text"/>
          <modeler:attribute-element-mapping modeler:attribute-name="location" modeler:form-field-id="location" modeler:form-field-name="location" modeler:form-field-type="text"/>
        </modeler:entity-attribute-mapping>
        <modeler:editor-resource-id><![CDATA[sid-FD06FFEF-16EB-4D0B-81BC-48147002CFE7]]></modeler:editor-resource-id>
      </extensionElements>
    </serviceTask>
    <sequenceFlow id="sid-DD7071EF-8619-4A6D-A0AB-83292FAD5AC8" sourceRef="sid-99B56877-D0ED-4006-B733-E8FFC5BD43FE" targetRef="sid-FD06FFEF-16EB-4D0B-81BC-48147002CFE7">
      <extensionElements>
        <modeler:editor-resource-id><![CDATA[sid-DD7071EF-8619-4A6D-A0AB-83292FAD5AC8]]></modeler:editor-resource-id>
      </extensionElements>
    </sequenceFlow>
    <sequenceFlow id="sid-F196125C-0CFA-4C4E-8BC4-EB00A64461B4" sourceRef="sid-FD06FFEF-16EB-4D0B-81BC-48147002CFE7" targetRef="sid-C2685A69-C6B1-4DD5-9AFB-E9DA9DFAECBD">
      <extensionElements>
        <modeler:editor-resource-id><![CDATA[sid-F196125C-0CFA-4C4E-8BC4-EB00A64461B4]]></modeler:editor-resource-id>
      </extensionElements>
    </sequenceFlow>
  </process>
  <bpmndi:BPMNDiagram id="BPMNDiagram_DataModelTest">
    <bpmndi:BPMNPlane bpmnElement="DataModelTest" id="BPMNPlane_DataModelTest">
      <bpmndi:BPMNShape bpmnElement="startEvent1" id="BPMNShape_startEvent1">
        <omgdc:Bounds height="30.0" width="30.0" x="105.0" y="90.0"/>
      </bpmndi:BPMNShape>
      <bpmndi:BPMNShape bpmnElement="sid-F868F3D7-8EE0-43C2-B84C-43CC02474949" id="BPMNShape_sid-F868F3D7-8EE0-43C2-B84C-43CC02474949">
        <omgdc:Bounds height="80.0" width="100.0" x="180.0" y="60.0"/>
      </bpmndi:BPMNShape>
      <bpmndi:BPMNShape bpmnElement="sid-5ABDE9FE-2728-411A-859D-0777AA02AA59" id="BPMNShape_sid-5ABDE9FE-2728-411A-859D-0777AA02AA59">
        <omgdc:Bounds height="80.0" width="100.0" x="360.0" y="60.0"/>
      </bpmndi:BPMNShape>
      <bpmndi:BPMNShape bpmnElement="sid-99B56877-D0ED-4006-B733-E8FFC5BD43FE" id="BPMNShape_sid-99B56877-D0ED-4006-B733-E8FFC5BD43FE">
        <omgdc:Bounds height="80.0" width="100.0" x="495.0" y="60.0"/>
      </bpmndi:BPMNShape>
      <bpmndi:BPMNShape bpmnElement="sid-C2685A69-C6B1-4DD5-9AFB-E9DA9DFAECBD" id="BPMNShape_sid-C2685A69-C6B1-4DD5-9AFB-E9DA9DFAECBD">
        <omgdc:Bounds height="28.0" width="28.0" x="790.0" y="86.0"/>
      </bpmndi:BPMNShape>
      <bpmndi:BPMNShape bpmnElement="sid-FD06FFEF-16EB-4D0B-81BC-48147002CFE7" id="BPMNShape_sid-FD06FFEF-16EB-4D0B-81BC-48147002CFE7">
        <omgdc:Bounds height="80.0" width="100.0" x="660.0" y="60.0"/>
      </bpmndi:BPMNShape>
      <bpmndi:BPMNEdge bpmnElement="sid-EE0372E2-B632-4493-8A3A-C4E2C776BCDE" id="BPMNEdge_sid-EE0372E2-B632-4493-8A3A-C4E2C776BCDE">
        <omgdi:waypoint x="280.0" y="100.0"/>
        <omgdi:waypoint x="360.0" y="100.0"/>
      </bpmndi:BPMNEdge>
      <bpmndi:BPMNEdge bpmnElement="sid-0CAC52FE-35AB-434E-93EC-F9F4E1A8588C" id="BPMNEdge_sid-0CAC52FE-35AB-434E-93EC-F9F4E1A8588C">
        <omgdi:waypoint x="135.0" y="105.0"/>
        <omgdi:waypoint x="157.5" y="105.0"/>
        <omgdi:waypoint x="157.5" y="100.0"/>
        <omgdi:waypoint x="180.0" y="100.0"/>
      </bpmndi:BPMNEdge>
      <bpmndi:BPMNEdge bpmnElement="sid-DD7071EF-8619-4A6D-A0AB-83292FAD5AC8" id="BPMNEdge_sid-DD7071EF-8619-4A6D-A0AB-83292FAD5AC8">
        <omgdi:waypoint x="595.0" y="100.0"/>
        <omgdi:waypoint x="660.0" y="100.0"/>
      </bpmndi:BPMNEdge>
      <bpmndi:BPMNEdge bpmnElement="sid-F196125C-0CFA-4C4E-8BC4-EB00A64461B4" id="BPMNEdge_sid-F196125C-0CFA-4C4E-8BC4-EB00A64461B4">
        <omgdi:waypoint x="760.0" y="100.0"/>
        <omgdi:waypoint x="790.0" y="100.0"/>
      </bpmndi:BPMNEdge>
      <bpmndi:BPMNEdge bpmnElement="sid-2A73F9D3-2C8A-4E57-9D7A-DF6ACEFB04F6" id="BPMNEdge_sid-2A73F9D3-2C8A-4E57-9D7A-DF6ACEFB04F6">
        <omgdi:waypoint x="460.0" y="100.0"/>
        <omgdi:waypoint x="495.0" y="100.0"/>
      </bpmndi:BPMNEdge>
    </bpmndi:BPMNPlane>
  </bpmndi:BPMNDiagram>
</definitions>