{"referenceId":null,"name":"mydatamodel","description":null,"dataSourceName":"techsophy","editorJson":{"id":6007,"name":"mydatamodel","dataSourceType":"database","dataSourceId":1,"entities":[{"name":"empinfo","description":"Auto-imported entity","tableName":"empinfo","attributes":[{"name":"firstname","type":"string","description":"Auto-imported attribute","mappedName":"firstname","primaryKey":true,"identity":false,"required":true},{"name":"middlename","type":"string","description":"Auto-imported attribute","mappedName":"middlename","primaryKey":false,"identity":false,"required":false},{"name":"lastname","type":"string","description":"Auto-imported attribute","mappedName":"lastname","primaryKey":false,"identity":false,"required":false},{"name":"gender","type":"string","description":"Auto-imported attribute","mappedName":"gender","primaryKey":false,"identity":false,"required":false},{"name":"dob","type":"string","description":"Auto-imported attribute","mappedName":"dob","primaryKey":false,"identity":false,"required":false},{"name":"email","type":"string","description":"Auto-imported attribute","mappedName":"email","primaryKey":false,"identity":false,"required":false},{"name":"mobile","type":"string","description":"Auto-imported attribute","mappedName":"mobile","primaryKey":false,"identity":false,"required":false},{"name":"role","type":"string","description":"Auto-imported attribute","mappedName":"role","primaryKey":false,"identity":false,"required":false},{"name":"team","type":"string","description":"Auto-imported attribute","mappedName":"team","primaryKey":false,"identity":false,"required":false},{"name":"address","type":"string","description":"Auto-imported attribute","mappedName":"address","primaryKey":false,"identity":false,"required":false},{"name":"city","type":"string","description":"Auto-imported attribute","mappedName":"city","primaryKey":false,"identity":false,"required":false},{"name":"zipcode","type":"string","description":"Auto-imported attribute","mappedName":"zipcode","primaryKey":false,"identity":false,"required":false},{"name":"state","type":"string","description":"Auto-imported attribute","mappedName":"state","primaryKey":false,"identity":false,"required":false},{"name":"identification","type":"string","description":"Auto-imported attribute","mappedName":"identification","primaryKey":false,"identity":false,"required":false},{"name":"maritalstatus","type":"string","description":"Auto-imported attribute","mappedName":"maritalstatus","primaryKey":false,"identity":false,"required":false},{"name":"inspolicyno","type":"string","description":"Auto-imported attribute","mappedName":"inspolicyno","primaryKey":false,"identity":false,"required":false},{"name":"bankname","type":"string","description":"Auto-imported attribute","mappedName":"bankname","primaryKey":false,"identity":false,"required":false},{"name":"banksortcode","type":"string","description":"Auto-imported attribute","mappedName":"banksortcode","primaryKey":false,"identity":false,"required":false},{"name":"accno","type":"string","description":"Auto-imported attribute","mappedName":"accno","primaryKey":false,"identity":false,"required":false},{"name":"typeofacc","type":"string","description":"Auto-imported attribute","mappedName":"typeofacc","primaryKey":false,"identity":false,"required":false},{"name":"branchname","type":"string","description":"Auto-imported attribute","mappedName":"branchname","primaryKey":false,"identity":false,"required":false}]},{"name":"student","description":"","tableName":"student","attributes":[{"name":"studentid","type":"number","description":"Auto-imported attribute","mappedName":"studentid","primaryKey":true,"generatedValue":true,"identity":true,"required":true},{"name":"name","type":"string","description":"Auto-imported attribute","mappedName":"name","primaryKey":false,"identity":false,"required":false},{"name":"age","type":"string","description":"Auto-imported attribute","mappedName":"age","primaryKey":false,"identity":false,"required":false},{"name":"location","type":"string","description":"Auto-imported attribute","mappedName":"location","primaryKey":false,"identity":false,"required":false}]}]}}