{"referenceId":null,"name":"EmployeeFlow","description":"","editorJson":{"bounds":{"lowerRight":{"x":1485.0,"y":700.0},"upperLeft":{"x":0.0,"y":0.0}},"resourceId":"canvas","stencil":{"id":"BPMNDiagram"},"stencilset":{"namespace":"http://b3mn.org/stencilset/bpmn2.0#","url":"../editor/stencilsets/bpmn2.0/bpmn2.0.json"},"properties":{"process_id":"EmployeeFlow","name":"EmployeeFlow","executionlisteners":{"executionListeners":[]},"eventlisteners":{"eventListeners":[]},"signaldefinitions":[],"messagedefinitions":[],"executionvariables":[{"variableName":"gender","variableType":"string"},{"variableName":"mobile","variableType":"string"}],"process_namespace":"http://www.activiti.org/test"},"childShapes":[{"bounds":{"lowerRight":{"x":410.0,"y":55.0},"upperLeft":{"x":300.0,"y":0.0}},"resourceId":"Assignment1_EmployeeFlow","childShapes":[],"stencil":{"id":"UserTask"},"properties":{"overrideid":"Assignment1_EmployeeFlow","name":"Employee Stage","usertasksendemail":true,"usertaskassignment":{"assignment":{"type":"idm","idm":{"type":"initiator"},"initiatorCanCompleteTask":false}},"formreference":{"id":5005,"name":"EmployeeSection"},"formproperties":{"formProperties":[{"id":"outcomes","name":"Outcomes","type":"string","expression":"[{\"name\":\"Ok\",\"id\":\"ok\"},{\"name\":\"Cancel\",\"id\":\"cancel\"}]","variable":null,"required":false,"readable":true,"writable":false},{"id":"modalpopups","name":"ModalPopups","type":"string","expression":"[]","variable":null,"required":false,"readable":true,"writable":false}]},"executionlisteners":{"executionListeners":[]},"isforcompensation":false,"asynchronousdefinition":false,"exclusivedefinition":true,"tasklisteners":{"taskListeners":[]}},"outgoing":[{"resourceId":"SequenceFlow11"}]},{"bounds":{"lowerRight":{"x":275.0,"y":147.5},"upperLeft":{"x":165.0,"y":92.5}},"resourceId":"Utility1_EmployeeFlow","childShapes":[],"stencil":{"id":"MailTask"},"properties":{"overrideid":"Utility1_EmployeeFlow","name":"Send Email","mailtaskto":"${NewEmpInfo_email}","mailtasksubject":"Login Credentials","mailtaskhtml":"<?xml version=\"1.0\" encoding=\"UTF-8\"?><pyMessageBody>\n\nHello,\n\n\t\t\t\t\t\t<br/>\n\n\t\t\t\t\t\t<br/> Please login to the below url with the provided credentials.\n\n\t\t\t\t\t\t<br/>\n\n\t\t\t\t\t\t<br/> URL : http://172.16.0.21:8080/prweb\n\n\t\t\t\t\t\t<br/>\n\n\t\t\t\t\t\t<br/> Username : ${NewEmpInfo_firstname}\n\n\t\t\t\t\t\t<br/> Password : tech@123\n\n\t\t\t\t\t\t<br/>\n\n\t\t\t\t\t\t<br/> NOTE :Please change your password after first login.\n\n\t\t\t\t\t\t<br/>\n\n\t\t\t\t\t\t<br/> Thanks\n\n\t\t\t\t\t\t<br/> System Administrator\n\n\n\n\t\t\t\t\t</pyMessageBody>","executionlisteners":{"executionListeners":[]},"isforcompensation":false,"asynchronousdefinition":false,"exclusivedefinition":true},"outgoing":[{"resourceId":"SequenceFlow12"}]},{"bounds":{"lowerRight":{"x":778.0,"y":133.0},"upperLeft":{"x":750.0,"y":105.0}},"resourceId":"END52_EmployeeFlow","childShapes":[],"stencil":{"id":"EndNoneEvent"},"properties":{"overrideid":"END52_EmployeeFlow","name":"END52_EmployeeFlow","executionlisteners":{"executionListeners":[]},"asynchronousdefinition":false,"exclusivedefinition":true},"outgoing":[]},{"bounds":{"lowerRight":{"x":75.0,"y":135.0},"upperLeft":{"x":45.0,"y":105.0}},"resourceId":"Start1_EmployeeFlow","childShapes":[],"stencil":{"id":"StartNoneEvent"},"properties":{"overrideid":"Start1_EmployeeFlow","name":"Start1_EmployeeFlow","executionlisteners":{"executionListeners":[]},"asynchronousdefinition":false,"exclusivedefinition":true},"outgoing":[{"resourceId":"SequenceFlow13"}]},{"bounds":{"lowerRight":{"x":620.0,"y":145.0},"upperLeft":{"x":510.0,"y":90.0}},"resourceId":"EmployeeStage_RDB_Save_storeEntityTask","childShapes":[],"stencil":{"id":"StoreEntityTask"},"properties":{"overrideid":"EmployeeStage_RDB_Save_storeEntityTask","name":"EmployeeStage_RDB_Save_storeEntityTask","alfrescoactiontask_publish_as_type":{"publishAsType":"process_initiator"},"entityattributemapping":{"mappedDataModel":5010,"mappedEntity":"empinfo","attributeMappings":[{"attributeName":"banksortcode","valueType":"field","formField":{"id":"empInfoBanksortcode","name":"Bank Sort Code","type":"text"}},{"attributeName":"firstname","valueType":"field","formField":{"id":"NewEmpInfo_firstname","name":"First Name","type":"text"}},{"attributeName":"role","valueType":"field","formField":{"id":"NewEmpInfoDB_role","name":"Employee Role","type":"text"}},{"attributeName":"address","valueType":"field","formField":{"id":"empInfoAddress","name":"Address","type":"multi-line-text"}},{"attributeName":"gender","valueType":"variable","variable":{"id":"gender","name":"gender","type":"string"}},{"attributeName":"city","valueType":"field","formField":{"id":"empInfoCity","name":"City","type":"text"}},{"attributeName":"accno","valueType":"field","formField":{"id":"empInfoAccno","name":"Account No","type":"text"}},{"attributeName":"mobile","valueType":"variable","variable":{"id":"mobile","name":"mobile","type":"string"}},{"attributeName":"middlename","valueType":"field","formField":{"id":"NewEmpInfo_middlename","name":"Middle Name","type":"text"}},{"attributeName":"team","valueType":"field","formField":{"id":"NewEmpInfoDB_team","name":"Department","type":"text"}},{"attributeName":"lastname","valueType":"field","formField":{"id":"NewEmpInfo_lastname","name":"Last Name","type":"text"}},{"attributeName":"zipcode","valueType":"field","formField":{"id":"empInfoZipcode","name":"Zip Code","type":"text"}},{"attributeName":"identification","valueType":"field","formField":{"id":"empInfoIdentification","name":"SSN NO","type":"text"}},{"attributeName":"inspolicyno","valueType":"field","formField":{"id":"empInfoInspolicyno","name":"Insurance Policy No","type":"text"}},{"attributeName":"maritalstatus","valueType":"field","formField":{"id":"empInfoMaritalStatus","name":"Marital Status - id","type":"dropdown"}},{"attributeName":"dob","valueType":"field","formField":{"id":"NewEmpInfo_dob","name":"Date of Birth","type":"date"}},{"attributeName":"state","valueType":"field","formField":{"id":"empInfoState","name":"State","type":"text"}},{"attributeName":"bankname","valueType":"field","formField":{"id":"empInfoBankname","name":"Bank Name","type":"text"}},{"attributeName":"email","valueType":"field","formField":{"id":"NewEmpInfo_email","name":"Email","type":"text"}},{"attributeName":"typeofacc","valueType":"field","formField":{"id":"empInfoTypeofacc","name":"Type Of Account","type":"text"}},{"attributeName":"branchname","valueType":"field","formField":{"id":"empInfoBranchname","name":"Branch Name","type":"text"}}]},"executionlisteners":{"executionListeners":[]},"isforcompensation":false,"asynchronousdefinition":false,"exclusivedefinition":true},"outgoing":[{"resourceId":"SequenceFlow14"}]},{"bounds":{"lowerRight":{"x":172.0,"y":212.0},"upperLeft":{"x":128.0,"y":212.0}},"resourceId":"SequenceFlow11","childShapes":[],"stencil":{"id":"SequenceFlow"},"dockers":[{"x":55.0,"y":27.5},{"x":565.0,"y":27.5},{"x":55.0,"y":27.5}],"outgoing":[{"resourceId":"EmployeeStage_RDB_Save_storeEntityTask"}],"target":{"resourceId":"EmployeeStage_RDB_Save_storeEntityTask"},"properties":{"overrideid":"SequenceFlow11","executionlisteners":{"executionListeners":[]}}},{"bounds":{"lowerRight":{"x":172.0,"y":212.0},"upperLeft":{"x":128.0,"y":212.0}},"resourceId":"SequenceFlow12","childShapes":[],"stencil":{"id":"SequenceFlow"},"dockers":[{"x":55.0,"y":27.5},{"x":355.0,"y":120.0},{"x":55.0,"y":27.5}],"outgoing":[{"resourceId":"Assignment1_EmployeeFlow"}],"target":{"resourceId":"Assignment1_EmployeeFlow"},"properties":{"overrideid":"SequenceFlow12","name":"[Always]","executionlisteners":{"executionListeners":[]}}},{"bounds":{"lowerRight":{"x":172.0,"y":212.0},"upperLeft":{"x":128.0,"y":212.0}},"resourceId":"SequenceFlow13","childShapes":[],"stencil":{"id":"SequenceFlow"},"dockers":[{"x":15.0,"y":15.0},{"x":55.0,"y":27.5}],"outgoing":[{"resourceId":"Utility1_EmployeeFlow"}],"target":{"resourceId":"Utility1_EmployeeFlow"},"properties":{"overrideid":"SequenceFlow13","name":"[Always]","executionlisteners":{"executionListeners":[]}}},{"bounds":{"lowerRight":{"x":172.0,"y":212.0},"upperLeft":{"x":128.0,"y":212.0}},"resourceId":"SequenceFlow14","childShapes":[],"stencil":{"id":"SequenceFlow"},"dockers":[{"x":55.0,"y":27.5},{"x":685.0,"y":117.5},{"x":685.0,"y":119.0},{"x":14.0,"y":14.0}],"outgoing":[{"resourceId":"END52_EmployeeFlow"}],"target":{"resourceId":"END52_EmployeeFlow"},"properties":{"overrideid":"SequenceFlow14","executionlisteners":{"executionListeners":[]}}}]}}