{"name":"TestApp","description":"","definition":{"models":[{"id":6008,"name":"TestProcess","version":4,"modelType":0,"description":"","stencilSetId":null,"createdByFullName":"Mukhesh TVR","createdBy":2,"lastUpdatedByFullName":"Mukhesh TVR","lastUpdatedBy":2,"lastUpdated":"2017-11-07T05:19:11.624+0000"},{"id":6012,"name":"TestProcess","version":3,"modelType":0,"description":"","stencilSetId":null,"createdByFullName":"Mukhesh TVR","createdBy":2,"lastUpdatedByFullName":"Mukhesh TVR","lastUpdatedBy":2,"lastUpdated":"2017-11-07T05:19:12.130+0000"}],"theme":"theme-1","icon":"glyphicon-asterisk","publishIdentityInfo":[]}}