<?xml version='1.0' encoding='UTF-8'?>
<definitions xmlns="http://www.omg.org/spec/BPMN/20100524/MODEL" xmlns:xsi="http://www.w3.org/2001/XMLSchema-instance" xmlns:xsd="http://www.w3.org/2001/XMLSchema" xmlns:activiti="http://activiti.org/bpmn" xmlns:bpmndi="http://www.omg.org/spec/BPMN/20100524/DI" xmlns:omgdc="http://www.omg.org/spec/DD/20100524/DC" xmlns:omgdi="http://www.omg.org/spec/DD/20100524/DI" typeLanguage="http://www.w3.org/2001/XMLSchema" expressionLanguage="http://www.w3.org/1999/XPath" targetNamespace="http://www.activiti.org/processdef" xmlns:modeler="http://activiti.com/modeler" modeler:version="1.0en" modeler:exportDateTime="20171127034129581" modeler:modelId="1021" modeler:modelVersion="8" modeler:modelLastUpdated="1511782872765">
  <process id="FileUploadTestProc" name="FileUploadTestProc" isExecutable="true">
    <startEvent id="startEvent1">
      <extensionElements>
        <modeler:editor-resource-id><![CDATA[startEvent1]]></modeler:editor-resource-id>
      </extensionElements>
    </startEvent>
    <userTask id="task1" name="task1" activiti:assignee="$INITIATOR" activiti:formKey="1015">
      <extensionElements>
        <modeler:allow-send-email><![CDATA[true]]></modeler:allow-send-email>
        <modeler:form-reference-id><![CDATA[1015]]></modeler:form-reference-id>
        <modeler:form-reference-name><![CDATA[FileUploadTestForm]]></modeler:form-reference-name>
        <modeler:activiti-idm-initiator><![CDATA[true]]></modeler:activiti-idm-initiator>
        <modeler:initiator-can-complete><![CDATA[false]]></modeler:initiator-can-complete>
        <modeler:editor-resource-id><![CDATA[sid-2DD90AC5-1EE8-46F4-A964-F9E6772560A7]]></modeler:editor-resource-id>
      </extensionElements>
    </userTask>
    <sequenceFlow id="sid-850B2BA0-770F-402C-AAC3-B684ACF605AD" sourceRef="startEvent1" targetRef="task1">
      <extensionElements>
        <modeler:editor-resource-id><![CDATA[sid-850B2BA0-770F-402C-AAC3-B684ACF605AD]]></modeler:editor-resource-id>
      </extensionElements>
    </sequenceFlow>
    <userTask id="task2" name="task2" activiti:async="true" activiti:exclusive="false" activiti:assignee="$INITIATOR" activiti:formKey="1015">
      <extensionElements>
        <activiti:executionListener event="start" class="com.activiti.runtime.activiti.ContentProcessorExecutionListener">
          <activiti:field name="externalContentHandler">
            <activiti:expression><![CDATA[${externalContentHandler}]]></activiti:expression>
          </activiti:field>
        </activiti:executionListener>
        <modeler:allow-send-email><![CDATA[true]]></modeler:allow-send-email>
        <modeler:form-reference-id><![CDATA[1015]]></modeler:form-reference-id>
        <modeler:form-reference-name><![CDATA[FileUploadTestForm]]></modeler:form-reference-name>
        <modeler:activiti-idm-initiator><![CDATA[true]]></modeler:activiti-idm-initiator>
        <modeler:initiator-can-complete><![CDATA[false]]></modeler:initiator-can-complete>
        <modeler:editor-resource-id><![CDATA[sid-42ACBA45-2E9D-40B7-B6D7-9AA0944D6B08]]></modeler:editor-resource-id>
        <modeler:ignore-listener-on-import><![CDATA[com.activiti.runtime.activiti.ContentProcessorExecutionListener]]></modeler:ignore-listener-on-import>
      </extensionElements>
    </userTask>
    <sequenceFlow id="sid-32717B58-583C-462E-AEBB-6FDE817F571D" sourceRef="task1" targetRef="task2">
      <extensionElements>
        <modeler:editor-resource-id><![CDATA[sid-32717B58-583C-462E-AEBB-6FDE817F571D]]></modeler:editor-resource-id>
      </extensionElements>
    </sequenceFlow>
    <endEvent id="sid-27810983-08DB-4053-8073-0CD67DC2790B" activiti:async="true" activiti:exclusive="false">
      <extensionElements>
        <activiti:executionListener event="start" class="com.activiti.runtime.activiti.ContentProcessorExecutionListener">
          <activiti:field name="externalContentHandler">
            <activiti:expression><![CDATA[${externalContentHandler}]]></activiti:expression>
          </activiti:field>
        </activiti:executionListener>
        <modeler:editor-resource-id><![CDATA[sid-27810983-08DB-4053-8073-0CD67DC2790B]]></modeler:editor-resource-id>
        <modeler:ignore-listener-on-import><![CDATA[com.activiti.runtime.activiti.ContentProcessorExecutionListener]]></modeler:ignore-listener-on-import>
      </extensionElements>
    </endEvent>
    <sequenceFlow id="sid-A01B9EFC-749D-473D-9A36-6B1DBA1B4126" sourceRef="task2" targetRef="sid-27810983-08DB-4053-8073-0CD67DC2790B">
      <extensionElements>
        <modeler:editor-resource-id><![CDATA[sid-A01B9EFC-749D-473D-9A36-6B1DBA1B4126]]></modeler:editor-resource-id>
      </extensionElements>
    </sequenceFlow>
  </process>
  <bpmndi:BPMNDiagram id="BPMNDiagram_FileUploadTestProc">
    <bpmndi:BPMNPlane bpmnElement="FileUploadTestProc" id="BPMNPlane_FileUploadTestProc">
      <bpmndi:BPMNShape bpmnElement="startEvent1" id="BPMNShape_startEvent1">
        <omgdc:Bounds height="30.0" width="30.0" x="100.0" y="163.0"/>
      </bpmndi:BPMNShape>
      <bpmndi:BPMNShape bpmnElement="task1" id="BPMNShape_task1">
        <omgdc:Bounds height="80.0" width="100.0" x="216.75" y="138.0"/>
      </bpmndi:BPMNShape>
      <bpmndi:BPMNShape bpmnElement="task2" id="BPMNShape_task2">
        <omgdc:Bounds height="80.0" width="100.0" x="412.75" y="138.0"/>
      </bpmndi:BPMNShape>
      <bpmndi:BPMNShape bpmnElement="sid-27810983-08DB-4053-8073-0CD67DC2790B" id="BPMNShape_sid-27810983-08DB-4053-8073-0CD67DC2790B">
        <omgdc:Bounds height="28.0" width="28.0" x="630.75" y="142.0"/>
      </bpmndi:BPMNShape>
      <bpmndi:BPMNEdge bpmnElement="sid-32717B58-583C-462E-AEBB-6FDE817F571D" id="BPMNEdge_sid-32717B58-583C-462E-AEBB-6FDE817F571D">
        <omgdi:waypoint x="316.75" y="178.0"/>
        <omgdi:waypoint x="412.75" y="178.0"/>
      </bpmndi:BPMNEdge>
      <bpmndi:BPMNEdge bpmnElement="sid-850B2BA0-770F-402C-AAC3-B684ACF605AD" id="BPMNEdge_sid-850B2BA0-770F-402C-AAC3-B684ACF605AD">
        <omgdi:waypoint x="130.0" y="178.0"/>
        <omgdi:waypoint x="216.75" y="178.0"/>
      </bpmndi:BPMNEdge>
      <bpmndi:BPMNEdge bpmnElement="sid-A01B9EFC-749D-473D-9A36-6B1DBA1B4126" id="BPMNEdge_sid-A01B9EFC-749D-473D-9A36-6B1DBA1B4126">
        <omgdi:waypoint x="512.75" y="171.95604395604397"/>
        <omgdi:waypoint x="630.8511749155234" y="157.6800777574642"/>
      </bpmndi:BPMNEdge>
    </bpmndi:BPMNPlane>
  </bpmndi:BPMNDiagram>
</definitions>