{"bounds":{"lowerRight":{"x":1485.0,"y":700.0},"upperLeft":{"x":0.0,"y":0.0}},"resourceId":"canvas","stencil":{"id":"BPMNDiagram"},"stencilset":{"namespace":"http://b3mn.org/stencilset/bpmn2.0#","url":"../editor/stencilsets/bpmn2.0/bpmn2.0.json"},"properties":{"process_id":"FileUploadTestProc","name":"FileUploadTestProc","executionlisteners":{"executionListeners":[]},"eventlisteners":{"eventListeners":[]},"signaldefinitions":[],"messagedefinitions":[],"process_namespace":"http://www.activiti.org/processdef"},"childShapes":[{"bounds":{"lowerRight":{"x":130.0,"y":193.0},"upperLeft":{"x":100.0,"y":163.0}},"resourceId":"startEvent1","childShapes":[],"stencil":{"id":"StartNoneEvent"},"properties":{"overrideid":"startEvent1","executionlisteners":{"executionListeners":[]},"asynchronousdefinition":false,"exclusivedefinition":false},"outgoing":[{"resourceId":"sid-850B2BA0-770F-402C-AAC3-B684ACF605AD"}]},{"bounds":{"lowerRight":{"x":316.75,"y":218.0},"upperLeft":{"x":216.75,"y":138.0}},"resourceId":"sid-2DD90AC5-1EE8-46F4-A964-F9E6772560A7","childShapes":[],"stencil":{"id":"UserTask"},"properties":{"overrideid":"task1","name":"task1","usertasksendemail":true,"usertaskassignment":{"assignment":{"type":"idm","idm":{"type":"initiator"},"initiatorCanCompleteTask":false}},"formreference":{"id":1015,"name":"FileUploadTestForm"},"executionlisteners":{"executionListeners":[]},"isforcompensation":false,"asynchronousdefinition":false,"exclusivedefinition":false,"tasklisteners":{"taskListeners":[]}},"outgoing":[{"resourceId":"sid-32717B58-583C-462E-AEBB-6FDE817F571D"}]},{"bounds":{"lowerRight":{"x":172.0,"y":212.0},"upperLeft":{"x":128.0,"y":212.0}},"resourceId":"sid-850B2BA0-770F-402C-AAC3-B684ACF605AD","childShapes":[],"stencil":{"id":"SequenceFlow"},"dockers":[{"x":15.0,"y":15.0},{"x":50.0,"y":40.0}],"outgoing":[{"resourceId":"sid-2DD90AC5-1EE8-46F4-A964-F9E6772560A7"}],"target":{"resourceId":"sid-2DD90AC5-1EE8-46F4-A964-F9E6772560A7"},"properties":{"overrideid":"sid-850B2BA0-770F-402C-AAC3-B684ACF605AD","executionlisteners":{"executionListeners":[]}}},{"bounds":{"lowerRight":{"x":512.75,"y":218.0},"upperLeft":{"x":412.75,"y":138.0}},"resourceId":"sid-42ACBA45-2E9D-40B7-B6D7-9AA0944D6B08","childShapes":[],"stencil":{"id":"UserTask"},"properties":{"overrideid":"task2","name":"task2","usertasksendemail":true,"usertaskassignment":{"assignment":{"type":"idm","idm":{"type":"initiator"},"initiatorCanCompleteTask":false}},"formreference":{"id":1015,"name":"FileUploadTestForm"},"executionlisteners":{"executionListeners":[]},"isforcompensation":false,"asynchronousdefinition":false,"exclusivedefinition":false,"tasklisteners":{"taskListeners":[]}},"outgoing":[{"resourceId":"sid-A01B9EFC-749D-473D-9A36-6B1DBA1B4126"}]},{"bounds":{"lowerRight":{"x":172.0,"y":212.0},"upperLeft":{"x":128.0,"y":212.0}},"resourceId":"sid-32717B58-583C-462E-AEBB-6FDE817F571D","childShapes":[],"stencil":{"id":"SequenceFlow"},"dockers":[{"x":50.0,"y":40.0},{"x":50.0,"y":40.0}],"outgoing":[{"resourceId":"sid-42ACBA45-2E9D-40B7-B6D7-9AA0944D6B08"}],"target":{"resourceId":"sid-42ACBA45-2E9D-40B7-B6D7-9AA0944D6B08"},"properties":{"overrideid":"sid-32717B58-583C-462E-AEBB-6FDE817F571D","executionlisteners":{"executionListeners":[]}}},{"bounds":{"lowerRight":{"x":658.75,"y":170.0},"upperLeft":{"x":630.75,"y":142.0}},"resourceId":"sid-27810983-08DB-4053-8073-0CD67DC2790B","childShapes":[],"stencil":{"id":"EndNoneEvent"},"properties":{"overrideid":"sid-27810983-08DB-4053-8073-0CD67DC2790B","executionlisteners":{"executionListeners":[]},"asynchronousdefinition":false,"exclusivedefinition":false},"outgoing":[]},{"bounds":{"lowerRight":{"x":172.0,"y":212.0},"upperLeft":{"x":128.0,"y":212.0}},"resourceId":"sid-A01B9EFC-749D-473D-9A36-6B1DBA1B4126","childShapes":[],"stencil":{"id":"SequenceFlow"},"dockers":[{"x":50.0,"y":40.0},{"x":14.0,"y":14.0}],"outgoing":[{"resourceId":"sid-27810983-08DB-4053-8073-0CD67DC2790B"}],"target":{"resourceId":"sid-27810983-08DB-4053-8073-0CD67DC2790B"},"properties":{"overrideid":"sid-A01B9EFC-749D-473D-9A36-6B1DBA1B4126","executionlisteners":{"executionListeners":[]}}}]}